Using pre-set license
Built from '2022.3/release' branch; Version is '2022.3.18f1 (d29bea25151d) revision 13802474'; Using compiler version '192829333'; Build Type 'Release'
OS: 'Windows 11  (10.0.22631) 64bit Professional' Language: 'de' Physical Memory: 16319 MB
BatchMode: 1, IsHumanControllingUs: 0, StartBugReporterOnCrash: 0, Is64bit: 1, IsPro: 1

COMMAND LINE ARGUMENTS:
C:\Program Files\Unity\Editor\2022.3.18f1\Editor\Unity.exe
-adb2
-batchMode
-noUpm
-name
AssetImportWorker1
-projectPath
E:/GitHub/YAFPSController/YAFPSController
-logFile
Logs/AssetImportWorker1.log
-srvPort
55092
Successfully changed project path to: E:/GitHub/YAFPSController/YAFPSController
E:/GitHub/YAFPSController/YAFPSController
[UnityMemory] Configuration Parameters - Can be set up in boot.config
    "memorysetup-bucket-allocator-granularity=16"
    "memorysetup-bucket-allocator-bucket-count=8"
    "memorysetup-bucket-allocator-block-size=33554432"
    "memorysetup-bucket-allocator-block-count=8"
    "memorysetup-main-allocator-block-size=16777216"
    "memorysetup-thread-allocator-block-size=16777216"
    "memorysetup-gfx-main-allocator-block-size=16777216"
    "memorysetup-gfx-thread-allocator-block-size=16777216"
    "memorysetup-cache-allocator-block-size=4194304"
    "memorysetup-typetree-allocator-block-size=2097152"
    "memorysetup-profiler-bucket-allocator-granularity=16"
    "memorysetup-profiler-bucket-allocator-bucket-count=8"
    "memorysetup-profiler-bucket-allocator-block-size=33554432"
    "memorysetup-profiler-bucket-allocator-block-count=8"
    "memorysetup-profiler-allocator-block-size=16777216"
    "memorysetup-profiler-editor-allocator-block-size=1048576"
    "memorysetup-temp-allocator-size-main=16777216"
    "memorysetup-job-temp-allocator-block-size=2097152"
    "memorysetup-job-temp-allocator-block-size-background=1048576"
    "memorysetup-job-temp-allocator-reduction-small-platforms=262144"
    "memorysetup-allocator-temp-initial-block-size-main=262144"
    "memorysetup-allocator-temp-initial-block-size-worker=262144"
    "memorysetup-temp-allocator-size-background-worker=32768"
    "memorysetup-temp-allocator-size-job-worker=262144"
    "memorysetup-temp-allocator-size-preload-manager=33554432"
    "memorysetup-temp-allocator-size-nav-mesh-worker=65536"
    "memorysetup-temp-allocator-size-audio-worker=65536"
    "memorysetup-temp-allocator-size-cloud-worker=32768"
    "memorysetup-temp-allocator-size-gi-baking-worker=262144"
    "memorysetup-temp-allocator-size-gfx=262144"
Player connection [36724] Host "[IP] 192.168.178.41 [Port] 0 [Flags] 2 [Guid] 1953834861 [EditorId] 1953834861 [Version] 1048832 [Id] WindowsEditor(7,DESKTOP-B6VI2KC) [Debug] 1 [PackageName] WindowsEditor [ProjectName] Editor" joined multi-casting on [225.0.0.222:54997]...

Player connection [36724] Host "[IP] 192.168.178.41 [Port] 0 [Flags] 2 [Guid] 1953834861 [EditorId] 1953834861 [Version] 1048832 [Id] WindowsEditor(7,DESKTOP-B6VI2KC) [Debug] 1 [PackageName] WindowsEditor [ProjectName] Editor" joined alternative multi-casting on [225.0.0.222:34997]...

[Physics::Module] Initialized MultithreadedJobDispatcher with 5 workers.
Refreshing native plugins compatible for Editor in 521.16 ms, found 3 plugins.
Preloading 0 native plugins for Editor in 0.00 ms.
Initialize engine version: 2022.3.18f1 (d29bea25151d)
[Subsystems] Discovering subsystems at path C:/Program Files/Unity/Editor/2022.3.18f1/Editor/Data/Resources/UnitySubsystems
[Subsystems] Discovering subsystems at path E:/GitHub/YAFPSController/YAFPSController/Assets
GfxDevice: creating device client; threaded=0; jobified=0
Direct3D:
    Version:  Direct3D 11.0 [level 11.1]
    Renderer: NVIDIA GeForce RTX 3080 (ID=0x2216)
    Vendor:   NVIDIA
    VRAM:     10053 MB
    Driver:   31.0.15.5123
Initialize mono
Mono path[0] = 'C:/Program Files/Unity/Editor/2022.3.18f1/Editor/Data/Managed'
Mono path[1] = 'C:/Program Files/Unity/Editor/2022.3.18f1/Editor/Data/MonoBleedingEdge/lib/mono/unityjit-win32'
Mono config path = 'C:/Program Files/Unity/Editor/2022.3.18f1/Editor/Data/MonoBleedingEdge/etc'
Using monoOptions --debugger-agent=transport=dt_socket,embedding=1,server=y,suspend=n,address=127.0.0.1:56640
Begin MonoManager ReloadAssembly
Registering precompiled unity dll's ...
Register platform support module: C:/Program Files/Unity/Editor/2022.3.18f1/Editor/Data/PlaybackEngines/WebGLSupport/UnityEditor.WebGL.Extensions.dll
Register platform support module: C:/Program Files/Unity/Editor/2022.3.18f1/Editor/Data/PlaybackEngines/AndroidPlayer/UnityEditor.Android.Extensions.dll
Register platform support module: C:/Program Files/Unity/Editor/2022.3.18f1/Editor/Data/PlaybackEngines/WindowsStandaloneSupport/UnityEditor.WindowsStandalone.Extensions.dll
Register platform support module: C:/Program Files/Unity/Editor/2022.3.18f1/Editor/Data/PlaybackEngines/LinuxStandaloneSupport/UnityEditor.LinuxStandalone.Extensions.dll
Register platform support module: C:/Program Files/Unity/Editor/2022.3.18f1/Editor/Data/PlaybackEngines/MetroSupport/UnityEditor.UWP.Extensions.dll
Registered in 0.018211 seconds.
- Loaded All Assemblies, in  0.945 seconds
Native extension for UWP target not found
Native extension for LinuxStandalone target not found
Native extension for WindowsStandalone target not found
Native extension for Android target not found
Android Extension - Scanning For ADB Devices 387 ms
Native extension for WebGL target not found
Mono: successfully reloaded assembly
- Finished resetting the current domain, in  0.746 seconds
Domain Reload Profiling: 1689ms
	BeginReloadAssembly (127ms)
		ExecutionOrderSort (0ms)
		DisableScriptedObjects (0ms)
		BackupInstance (0ms)
		ReleaseScriptingObjects (0ms)
		CreateAndSetChildDomain (1ms)
	RebuildCommonClasses (220ms)
	RebuildNativeTypeToScriptingClass (15ms)
	initialDomainReloadingComplete (87ms)
	LoadAllAssembliesAndSetupDomain (493ms)
		LoadAssemblies (128ms)
		RebuildTransferFunctionScriptingTraits (0ms)
		AnalyzeDomain (487ms)
			TypeCache.Refresh (486ms)
				TypeCache.ScanAssembly (469ms)
			ScanForSourceGeneratedMonoScriptInfo (0ms)
			ResolveRequiredComponents (1ms)
	FinalizeReload (747ms)
		ReleaseScriptCaches (0ms)
		RebuildScriptCaches (0ms)
		SetupLoadedEditorAssemblies (693ms)
			LogAssemblyErrors (0ms)
			InitializePlatformSupportModulesInManaged (519ms)
			SetLoadedEditorAssemblies (5ms)
			RefreshPlugins (0ms)
			BeforeProcessingInitializeOnLoad (2ms)
			ProcessInitializeOnLoadAttributes (110ms)
			ProcessInitializeOnLoadMethodAttributes (57ms)
			AfterProcessingInitializeOnLoad (0ms)
			EditorAssembliesLoaded (0ms)
		ExecutionOrderSort2 (0ms)
		AwakeInstancesAfterBackupRestoration (0ms)
========================================================================
Worker process is ready to serve import requests
Begin MonoManager ReloadAssembly
- Loaded All Assemblies, in  0.970 seconds
Refreshing native plugins compatible for Editor in 10.76 ms, found 3 plugins.
Native extension for UWP target not found
Native extension for LinuxStandalone target not found
Native extension for WindowsStandalone target not found
Native extension for Android target not found
Native extension for WebGL target not found
Package Manager log level set to [2]
[Package Manager] Server::EnsureServerProcessIsRunning -- launch failed, reason: Unity was launched with the -noUpm command-line argument
[Package Manager] UpmClient::Send -- Unable to send message (not connected to UPM process).
[Package Manager] Cannot connect to Unity Package Manager local server
Launched and connected shader compiler UnityShaderCompiler.exe after 0.04 seconds
Mono: successfully reloaded assembly
- Finished resetting the current domain, in  2.615 seconds
Domain Reload Profiling: 3578ms
	BeginReloadAssembly (134ms)
		ExecutionOrderSort (0ms)
		DisableScriptedObjects (6ms)
		BackupInstance (0ms)
		ReleaseScriptingObjects (0ms)
		CreateAndSetChildDomain (18ms)
	RebuildCommonClasses (32ms)
	RebuildNativeTypeToScriptingClass (11ms)
	initialDomainReloadingComplete (48ms)
	LoadAllAssembliesAndSetupDomain (738ms)
		LoadAssemblies (413ms)
		RebuildTransferFunctionScriptingTraits (0ms)
		AnalyzeDomain (402ms)
			TypeCache.Refresh (364ms)
				TypeCache.ScanAssembly (343ms)
			ScanForSourceGeneratedMonoScriptInfo (27ms)
			ResolveRequiredComponents (10ms)
	FinalizeReload (2616ms)
		ReleaseScriptCaches (0ms)
		RebuildScriptCaches (0ms)
		SetupLoadedEditorAssemblies (2415ms)
			LogAssemblyErrors (0ms)
			InitializePlatformSupportModulesInManaged (31ms)
			SetLoadedEditorAssemblies (3ms)
			RefreshPlugins (0ms)
			BeforeProcessingInitializeOnLoad (90ms)
			ProcessInitializeOnLoadAttributes (771ms)
			ProcessInitializeOnLoadMethodAttributes (1514ms)
			AfterProcessingInitializeOnLoad (7ms)
			EditorAssembliesLoaded (0ms)
		ExecutionOrderSort2 (0ms)
		AwakeInstancesAfterBackupRestoration (5ms)
Refreshing native plugins compatible for Editor in 11.54 ms, found 3 plugins.
Preloading 0 native plugins for Editor in 0.00 ms.
Unloading 6625 Unused Serialized files (Serialized files now loaded: 0)
Unloading 117 unused Assets / (3.6 MB). Loaded Objects now: 7150.
Memory consumption went from 315.0 MB to 311.4 MB.
Total: 17.465000 ms (FindLiveObjects: 0.572700 ms CreateObjectMapping: 0.679100 ms MarkObjects: 15.633900 ms  DeleteObjects: 0.577800 ms)

AssetImportParameters requested are different than current active one (requested -> active):
  custom:container-demuxer-ogg: 62fdf1f143b41e24485cea50d1cbac27 -> 
  custom:scripting/monoscript/fileName/IntegrationMethods.cs: 9b3f18272f0d55c714bdc47473884527 -> 
  custom:framework-win-MediaFoundation: 216162199b28c13a410421893ffa2e32 -> 
  custom:container-muxer-webm: aa71ff27fc2769a1b78a27578f13a17b -> 
  custom:video-decoder-webm-vp8: 9c59270c3fd7afecdb556c50c9e8de78 -> 
  custom:SearchIndexIgnoredProperties: e643bd26f0fe6173181afceb89e7c659 -> 
  custom:AudioImporter_EditorPlatform: d09bf68614088b80899f8185d706f6e7 -> 
  custom:audio-decoder-ogg-vorbis: bf7c407c2cedff20999df2af8eb42d56 -> 
  custom:audio-encoder-webm-vorbis: bf7c407c2cedff20999df2af8eb42d56 -> 
  custom:scripting/monoscript/fileName/Ballistics.cs: 63f19c248b038517e4b8cc8256278fec -> 
  custom:video-codec-MediaFoundation-h265: 746d11721c4dcdbdad8f713fa42b33f4 -> 
  custom:video-decoder-ogg-theora: a1e56fd34408186e4bbccfd4996cb3dc -> 
  custom:CustomObjectIndexerAttribute: 6d391050e5a25f67b0a2c618074f2cd9 -> 
  custom:container-demuxer-webm: 4f35f7cbe854078d1ac9338744f61a02 -> 
  custom:video-encoder-webm-vp8: eb34c28f22e8b96e1ab97ce403110664 -> 
========================================================================
Received Import Request.
  Time since last request: 2322407.046991 seconds.
  path: Assets/Internal/Prefabs/Bullets/Bullet.prefab
  artifactKey: Guid(353af56144c21f74184f3f426e1424e1) Importer(815301076,1909f56bfc062723c751e8b465ee728b)
Start importing Assets/Internal/Prefabs/Bullets/Bullet.prefab using Guid(353af56144c21f74184f3f426e1424e1) Importer(815301076,1909f56bfc062723c751e8b465ee728b)  -> (artifact id: 'b17519c0c8b6aea4d3ae8bfce7f2828b') in 1.070691 seconds
Number of updated asset objects reloaded before import = 0
Number of asset objects unloaded after import = 15
========================================================================
Received Prepare
Begin MonoManager ReloadAssembly
- Loaded All Assemblies, in  0.678 seconds
Refreshing native plugins compatible for Editor in 10.99 ms, found 3 plugins.
Native extension for UWP target not found
Native extension for LinuxStandalone target not found
Native extension for WindowsStandalone target not found
Native extension for Android target not found
Native extension for WebGL target not found
[Package Manager] Server::EnsureServerProcessIsRunning -- launch failed, reason: Unity was launched with the -noUpm command-line argument
[Package Manager] UpmClient::Send -- Unable to send message (not connected to UPM process).
[Package Manager] Cannot connect to Unity Package Manager local server
Mono: successfully reloaded assembly
- Finished resetting the current domain, in  2.373 seconds
Domain Reload Profiling: 3041ms
	BeginReloadAssembly (223ms)
		ExecutionOrderSort (0ms)
		DisableScriptedObjects (30ms)
		BackupInstance (0ms)
		ReleaseScriptingObjects (0ms)
		CreateAndSetChildDomain (60ms)
	RebuildCommonClasses (36ms)
	RebuildNativeTypeToScriptingClass (12ms)
	initialDomainReloadingComplete (44ms)
	LoadAllAssembliesAndSetupDomain (353ms)
		LoadAssemblies (417ms)
		RebuildTransferFunctionScriptingTraits (0ms)
		AnalyzeDomain (20ms)
			TypeCache.Refresh (7ms)
				TypeCache.ScanAssembly (0ms)
			ScanForSourceGeneratedMonoScriptInfo (0ms)
			ResolveRequiredComponents (11ms)
	FinalizeReload (2373ms)
		ReleaseScriptCaches (0ms)
		RebuildScriptCaches (0ms)
		SetupLoadedEditorAssemblies (1087ms)
			LogAssemblyErrors (0ms)
			InitializePlatformSupportModulesInManaged (29ms)
			SetLoadedEditorAssemblies (3ms)
			RefreshPlugins (0ms)
			BeforeProcessingInitializeOnLoad (89ms)
			ProcessInitializeOnLoadAttributes (589ms)
			ProcessInitializeOnLoadMethodAttributes (364ms)
			AfterProcessingInitializeOnLoad (12ms)
			EditorAssembliesLoaded (1ms)
		ExecutionOrderSort2 (0ms)
		AwakeInstancesAfterBackupRestoration (60ms)
Refreshing native plugins compatible for Editor in 11.39 ms, found 3 plugins.
Preloading 0 native plugins for Editor in 0.00 ms.
Unloading 6287 Unused Serialized files (Serialized files now loaded: 0)
Unloading 84 unused Assets / (3.6 MB). Loaded Objects now: 7279.
Memory consumption went from 278.3 MB to 274.7 MB.
Total: 16.416100 ms (FindLiveObjects: 0.470200 ms CreateObjectMapping: 0.514100 ms MarkObjects: 14.938100 ms  DeleteObjects: 0.492500 ms)

Prepare: number of updated asset objects reloaded= 0
AssetImportParameters requested are different than current active one (requested -> active):
  custom:container-demuxer-ogg: 62fdf1f143b41e24485cea50d1cbac27 -> 
  custom:scripting/monoscript/fileName/IntegrationMethods.cs: 9b3f18272f0d55c714bdc47473884527 -> 
  custom:framework-win-MediaFoundation: 216162199b28c13a410421893ffa2e32 -> 
  custom:container-muxer-webm: aa71ff27fc2769a1b78a27578f13a17b -> 
  custom:video-decoder-webm-vp8: 9c59270c3fd7afecdb556c50c9e8de78 -> 
  custom:SearchIndexIgnoredProperties: e643bd26f0fe6173181afceb89e7c659 -> 
  custom:AudioImporter_EditorPlatform: d09bf68614088b80899f8185d706f6e7 -> 
  custom:audio-decoder-ogg-vorbis: bf7c407c2cedff20999df2af8eb42d56 -> 
  custom:audio-encoder-webm-vorbis: bf7c407c2cedff20999df2af8eb42d56 -> 
  custom:scripting/monoscript/fileName/Ballistics.cs: 63f19c248b038517e4b8cc8256278fec -> 
  custom:video-codec-MediaFoundation-h265: 746d11721c4dcdbdad8f713fa42b33f4 -> 
  custom:video-decoder-ogg-theora: a1e56fd34408186e4bbccfd4996cb3dc -> 
  custom:CustomObjectIndexerAttribute: 6d391050e5a25f67b0a2c618074f2cd9 -> 
  custom:container-demuxer-webm: 4f35f7cbe854078d1ac9338744f61a02 -> 
  custom:video-encoder-webm-vp8: eb34c28f22e8b96e1ab97ce403110664 -> 
========================================================================
Received Prepare
Begin MonoManager ReloadAssembly
- Loaded All Assemblies, in  0.571 seconds
Refreshing native plugins compatible for Editor in 10.92 ms, found 3 plugins.
Native extension for UWP target not found
Native extension for LinuxStandalone target not found
Native extension for WindowsStandalone target not found
Native extension for Android target not found
Native extension for WebGL target not found
[Package Manager] Server::EnsureServerProcessIsRunning -- launch failed, reason: Unity was launched with the -noUpm command-line argument
[Package Manager] UpmClient::Send -- Unable to send message (not connected to UPM process).
[Package Manager] Cannot connect to Unity Package Manager local server
Mono: successfully reloaded assembly
- Finished resetting the current domain, in  2.309 seconds
Domain Reload Profiling: 2874ms
	BeginReloadAssembly (169ms)
		ExecutionOrderSort (0ms)
		DisableScriptedObjects (5ms)
		BackupInstance (0ms)
		ReleaseScriptingObjects (0ms)
		CreateAndSetChildDomain (47ms)
	RebuildCommonClasses (31ms)
	RebuildNativeTypeToScriptingClass (11ms)
	initialDomainReloadingComplete (36ms)
	LoadAllAssembliesAndSetupDomain (317ms)
		LoadAssemblies (370ms)
		RebuildTransferFunctionScriptingTraits (0ms)
		AnalyzeDomain (20ms)
			TypeCache.Refresh (7ms)
				TypeCache.ScanAssembly (0ms)
			ScanForSourceGeneratedMonoScriptInfo (0ms)
			ResolveRequiredComponents (11ms)
	FinalizeReload (2309ms)
		ReleaseScriptCaches (0ms)
		RebuildScriptCaches (0ms)
		SetupLoadedEditorAssemblies (1057ms)
			LogAssemblyErrors (0ms)
			InitializePlatformSupportModulesInManaged (28ms)
			SetLoadedEditorAssemblies (3ms)
			RefreshPlugins (0ms)
			BeforeProcessingInitializeOnLoad (90ms)
			ProcessInitializeOnLoadAttributes (562ms)
			ProcessInitializeOnLoadMethodAttributes (366ms)
			AfterProcessingInitializeOnLoad (7ms)
			EditorAssembliesLoaded (0ms)
		ExecutionOrderSort2 (0ms)
		AwakeInstancesAfterBackupRestoration (45ms)
Refreshing native plugins compatible for Editor in 11.69 ms, found 3 plugins.
Preloading 0 native plugins for Editor in 0.00 ms.
Unloading 6280 Unused Serialized files (Serialized files now loaded: 0)
Unloading 84 unused Assets / (3.6 MB). Loaded Objects now: 7282.
Memory consumption went from 278.6 MB to 275.0 MB.
Total: 16.726600 ms (FindLiveObjects: 0.505400 ms CreateObjectMapping: 0.488100 ms MarkObjects: 15.231000 ms  DeleteObjects: 0.500800 ms)

Prepare: number of updated asset objects reloaded= 0
AssetImportParameters requested are different than current active one (requested -> active):
  custom:container-demuxer-ogg: 62fdf1f143b41e24485cea50d1cbac27 -> 
  custom:scripting/monoscript/fileName/IntegrationMethods.cs: 9b3f18272f0d55c714bdc47473884527 -> 
  custom:framework-win-MediaFoundation: 216162199b28c13a410421893ffa2e32 -> 
  custom:container-muxer-webm: aa71ff27fc2769a1b78a27578f13a17b -> 
  custom:video-decoder-webm-vp8: 9c59270c3fd7afecdb556c50c9e8de78 -> 
  custom:SearchIndexIgnoredProperties: e643bd26f0fe6173181afceb89e7c659 -> 
  custom:AudioImporter_EditorPlatform: d09bf68614088b80899f8185d706f6e7 -> 
  custom:audio-decoder-ogg-vorbis: bf7c407c2cedff20999df2af8eb42d56 -> 
  custom:audio-encoder-webm-vorbis: bf7c407c2cedff20999df2af8eb42d56 -> 
  custom:scripting/monoscript/fileName/Ballistics.cs: 63f19c248b038517e4b8cc8256278fec -> 
  custom:video-codec-MediaFoundation-h265: 746d11721c4dcdbdad8f713fa42b33f4 -> 
  custom:video-decoder-ogg-theora: a1e56fd34408186e4bbccfd4996cb3dc -> 
  custom:CustomObjectIndexerAttribute: 6d391050e5a25f67b0a2c618074f2cd9 -> 
  custom:container-demuxer-webm: 4f35f7cbe854078d1ac9338744f61a02 -> 
  custom:video-encoder-webm-vp8: eb34c28f22e8b96e1ab97ce403110664 -> 
========================================================================
Received Prepare
Begin MonoManager ReloadAssembly
- Loaded All Assemblies, in  0.591 seconds
Refreshing native plugins compatible for Editor in 10.75 ms, found 3 plugins.
Native extension for UWP target not found
Native extension for LinuxStandalone target not found
Native extension for WindowsStandalone target not found
Native extension for Android target not found
Native extension for WebGL target not found
[Package Manager] Server::EnsureServerProcessIsRunning -- launch failed, reason: Unity was launched with the -noUpm command-line argument
[Package Manager] UpmClient::Send -- Unable to send message (not connected to UPM process).
[Package Manager] Cannot connect to Unity Package Manager local server
Mono: successfully reloaded assembly
- Finished resetting the current domain, in  2.489 seconds
Domain Reload Profiling: 3072ms
	BeginReloadAssembly (177ms)
		ExecutionOrderSort (0ms)
		DisableScriptedObjects (5ms)
		BackupInstance (0ms)
		ReleaseScriptingObjects (0ms)
		CreateAndSetChildDomain (51ms)
	RebuildCommonClasses (35ms)
	RebuildNativeTypeToScriptingClass (12ms)
	initialDomainReloadingComplete (36ms)
	LoadAllAssembliesAndSetupDomain (323ms)
		LoadAssemblies (380ms)
		RebuildTransferFunctionScriptingTraits (0ms)
		AnalyzeDomain (20ms)
			TypeCache.Refresh (7ms)
				TypeCache.ScanAssembly (0ms)
			ScanForSourceGeneratedMonoScriptInfo (0ms)
			ResolveRequiredComponents (11ms)
	FinalizeReload (2489ms)
		ReleaseScriptCaches (0ms)
		RebuildScriptCaches (0ms)
		SetupLoadedEditorAssemblies (1165ms)
			LogAssemblyErrors (0ms)
			InitializePlatformSupportModulesInManaged (29ms)
			SetLoadedEditorAssemblies (3ms)
			RefreshPlugins (0ms)
			BeforeProcessingInitializeOnLoad (92ms)
			ProcessInitializeOnLoadAttributes (606ms)
			ProcessInitializeOnLoadMethodAttributes (427ms)
			AfterProcessingInitializeOnLoad (8ms)
			EditorAssembliesLoaded (0ms)
		ExecutionOrderSort2 (0ms)
		AwakeInstancesAfterBackupRestoration (47ms)
Refreshing native plugins compatible for Editor in 10.97 ms, found 3 plugins.
Preloading 0 native plugins for Editor in 0.00 ms.
Unloading 6280 Unused Serialized files (Serialized files now loaded: 0)
Unloading 84 unused Assets / (3.6 MB). Loaded Objects now: 7285.
Memory consumption went from 280.5 MB to 276.9 MB.
Total: 17.616600 ms (FindLiveObjects: 0.454100 ms CreateObjectMapping: 0.444600 ms MarkObjects: 15.975000 ms  DeleteObjects: 0.741600 ms)

Prepare: number of updated asset objects reloaded= 0
AssetImportParameters requested are different than current active one (requested -> active):
  custom:container-demuxer-ogg: 62fdf1f143b41e24485cea50d1cbac27 -> 
  custom:scripting/monoscript/fileName/IntegrationMethods.cs: 9b3f18272f0d55c714bdc47473884527 -> 
  custom:framework-win-MediaFoundation: 216162199b28c13a410421893ffa2e32 -> 
  custom:container-muxer-webm: aa71ff27fc2769a1b78a27578f13a17b -> 
  custom:video-decoder-webm-vp8: 9c59270c3fd7afecdb556c50c9e8de78 -> 
  custom:SearchIndexIgnoredProperties: e643bd26f0fe6173181afceb89e7c659 -> 
  custom:AudioImporter_EditorPlatform: d09bf68614088b80899f8185d706f6e7 -> 
  custom:audio-decoder-ogg-vorbis: bf7c407c2cedff20999df2af8eb42d56 -> 
  custom:audio-encoder-webm-vorbis: bf7c407c2cedff20999df2af8eb42d56 -> 
  custom:scripting/monoscript/fileName/Ballistics.cs: 63f19c248b038517e4b8cc8256278fec -> 
  custom:video-codec-MediaFoundation-h265: 746d11721c4dcdbdad8f713fa42b33f4 -> 
  custom:video-decoder-ogg-theora: a1e56fd34408186e4bbccfd4996cb3dc -> 
  custom:CustomObjectIndexerAttribute: 6d391050e5a25f67b0a2c618074f2cd9 -> 
  custom:container-demuxer-webm: 4f35f7cbe854078d1ac9338744f61a02 -> 
  custom:video-encoder-webm-vp8: eb34c28f22e8b96e1ab97ce403110664 -> 
========================================================================
Received Prepare
Begin MonoManager ReloadAssembly
- Loaded All Assemblies, in  0.648 seconds
Refreshing native plugins compatible for Editor in 10.94 ms, found 3 plugins.
Native extension for UWP target not found
Native extension for LinuxStandalone target not found
Native extension for WindowsStandalone target not found
Native extension for Android target not found
Native extension for WebGL target not found
[Package Manager] Server::EnsureServerProcessIsRunning -- launch failed, reason: Unity was launched with the -noUpm command-line argument
[Package Manager] UpmClient::Send -- Unable to send message (not connected to UPM process).
[Package Manager] Cannot connect to Unity Package Manager local server
Mono: successfully reloaded assembly
- Finished resetting the current domain, in  2.407 seconds
Domain Reload Profiling: 3048ms
	BeginReloadAssembly (181ms)
		ExecutionOrderSort (0ms)
		DisableScriptedObjects (7ms)
		BackupInstance (0ms)
		ReleaseScriptingObjects (0ms)
		CreateAndSetChildDomain (50ms)
	RebuildCommonClasses (32ms)
	RebuildNativeTypeToScriptingClass (11ms)
	initialDomainReloadingComplete (36ms)
	LoadAllAssembliesAndSetupDomain (381ms)
		LoadAssemblies (393ms)
		RebuildTransferFunctionScriptingTraits (0ms)
		AnalyzeDomain (66ms)
			TypeCache.Refresh (11ms)
				TypeCache.ScanAssembly (0ms)
			ScanForSourceGeneratedMonoScriptInfo (42ms)
			ResolveRequiredComponents (11ms)
	FinalizeReload (2407ms)
		ReleaseScriptCaches (0ms)
		RebuildScriptCaches (0ms)
		SetupLoadedEditorAssemblies (1157ms)
			LogAssemblyErrors (0ms)
			InitializePlatformSupportModulesInManaged (30ms)
			SetLoadedEditorAssemblies (3ms)
			RefreshPlugins (0ms)
			BeforeProcessingInitializeOnLoad (96ms)
			ProcessInitializeOnLoadAttributes (644ms)
			ProcessInitializeOnLoadMethodAttributes (376ms)
			AfterProcessingInitializeOnLoad (7ms)
			EditorAssembliesLoaded (1ms)
		ExecutionOrderSort2 (0ms)
		AwakeInstancesAfterBackupRestoration (44ms)
Refreshing native plugins compatible for Editor in 10.98 ms, found 3 plugins.
Preloading 0 native plugins for Editor in 0.00 ms.
Unloading 6280 Unused Serialized files (Serialized files now loaded: 0)
Unloading 84 unused Assets / (3.6 MB). Loaded Objects now: 7288.
Memory consumption went from 282.4 MB to 278.9 MB.
Total: 17.902300 ms (FindLiveObjects: 0.500900 ms CreateObjectMapping: 0.559200 ms MarkObjects: 16.297100 ms  DeleteObjects: 0.543900 ms)

Prepare: number of updated asset objects reloaded= 0
AssetImportParameters requested are different than current active one (requested -> active):
  custom:container-demuxer-ogg: 62fdf1f143b41e24485cea50d1cbac27 -> 
  custom:scripting/monoscript/fileName/IntegrationMethods.cs: 9b3f18272f0d55c714bdc47473884527 -> 
  custom:framework-win-MediaFoundation: 216162199b28c13a410421893ffa2e32 -> 
  custom:container-muxer-webm: aa71ff27fc2769a1b78a27578f13a17b -> 
  custom:video-decoder-webm-vp8: 9c59270c3fd7afecdb556c50c9e8de78 -> 
  custom:SearchIndexIgnoredProperties: e643bd26f0fe6173181afceb89e7c659 -> 
  custom:AudioImporter_EditorPlatform: d09bf68614088b80899f8185d706f6e7 -> 
  custom:audio-decoder-ogg-vorbis: bf7c407c2cedff20999df2af8eb42d56 -> 
  custom:audio-encoder-webm-vorbis: bf7c407c2cedff20999df2af8eb42d56 -> 
  custom:scripting/monoscript/fileName/Ballistics.cs: 63f19c248b038517e4b8cc8256278fec -> 
  custom:video-codec-MediaFoundation-h265: 746d11721c4dcdbdad8f713fa42b33f4 -> 
  custom:video-decoder-ogg-theora: a1e56fd34408186e4bbccfd4996cb3dc -> 
  custom:CustomObjectIndexerAttribute: 6d391050e5a25f67b0a2c618074f2cd9 -> 
  custom:container-demuxer-webm: 4f35f7cbe854078d1ac9338744f61a02 -> 
  custom:video-encoder-webm-vp8: eb34c28f22e8b96e1ab97ce403110664 -> 
========================================================================
Received Prepare
Begin MonoManager ReloadAssembly
- Loaded All Assemblies, in  0.581 seconds
Refreshing native plugins compatible for Editor in 10.75 ms, found 3 plugins.
Native extension for UWP target not found
Native extension for LinuxStandalone target not found
Native extension for WindowsStandalone target not found
Native extension for Android target not found
Native extension for WebGL target not found
[Package Manager] Server::EnsureServerProcessIsRunning -- launch failed, reason: Unity was launched with the -noUpm command-line argument
[Package Manager] UpmClient::Send -- Unable to send message (not connected to UPM process).
[Package Manager] Cannot connect to Unity Package Manager local server
Mono: successfully reloaded assembly
- Finished resetting the current domain, in  2.346 seconds
Domain Reload Profiling: 2921ms
	BeginReloadAssembly (174ms)
		ExecutionOrderSort (0ms)
		DisableScriptedObjects (5ms)
		BackupInstance (0ms)
		ReleaseScriptingObjects (0ms)
		CreateAndSetChildDomain (50ms)
	RebuildCommonClasses (31ms)
	RebuildNativeTypeToScriptingClass (11ms)
	initialDomainReloadingComplete (37ms)
	LoadAllAssembliesAndSetupDomain (322ms)
		LoadAssemblies (375ms)
		RebuildTransferFunctionScriptingTraits (0ms)
		AnalyzeDomain (20ms)
			TypeCache.Refresh (7ms)
				TypeCache.ScanAssembly (0ms)
			ScanForSourceGeneratedMonoScriptInfo (0ms)
			ResolveRequiredComponents (11ms)
	FinalizeReload (2347ms)
		ReleaseScriptCaches (0ms)
		RebuildScriptCaches (0ms)
		SetupLoadedEditorAssemblies (1096ms)
			LogAssemblyErrors (0ms)
			InitializePlatformSupportModulesInManaged (32ms)
			SetLoadedEditorAssemblies (3ms)
			RefreshPlugins (0ms)
			BeforeProcessingInitializeOnLoad (90ms)
			ProcessInitializeOnLoadAttributes (557ms)
			ProcessInitializeOnLoadMethodAttributes (407ms)
			AfterProcessingInitializeOnLoad (7ms)
			EditorAssembliesLoaded (0ms)
		ExecutionOrderSort2 (0ms)
		AwakeInstancesAfterBackupRestoration (42ms)
Refreshing native plugins compatible for Editor in 10.91 ms, found 3 plugins.
Preloading 0 native plugins for Editor in 0.00 ms.
Unloading 6280 Unused Serialized files (Serialized files now loaded: 0)
Unloading 84 unused Assets / (3.6 MB). Loaded Objects now: 7291.
Memory consumption went from 284.4 MB to 280.8 MB.
Total: 16.460800 ms (FindLiveObjects: 0.455900 ms CreateObjectMapping: 0.464100 ms MarkObjects: 14.995400 ms  DeleteObjects: 0.544100 ms)

Prepare: number of updated asset objects reloaded= 0
AssetImportParameters requested are different than current active one (requested -> active):
  custom:container-demuxer-ogg: 62fdf1f143b41e24485cea50d1cbac27 -> 
  custom:scripting/monoscript/fileName/IntegrationMethods.cs: 9b3f18272f0d55c714bdc47473884527 -> 
  custom:framework-win-MediaFoundation: 216162199b28c13a410421893ffa2e32 -> 
  custom:container-muxer-webm: aa71ff27fc2769a1b78a27578f13a17b -> 
  custom:video-decoder-webm-vp8: 9c59270c3fd7afecdb556c50c9e8de78 -> 
  custom:SearchIndexIgnoredProperties: e643bd26f0fe6173181afceb89e7c659 -> 
  custom:AudioImporter_EditorPlatform: d09bf68614088b80899f8185d706f6e7 -> 
  custom:audio-decoder-ogg-vorbis: bf7c407c2cedff20999df2af8eb42d56 -> 
  custom:audio-encoder-webm-vorbis: bf7c407c2cedff20999df2af8eb42d56 -> 
  custom:scripting/monoscript/fileName/Ballistics.cs: 63f19c248b038517e4b8cc8256278fec -> 
  custom:video-codec-MediaFoundation-h265: 746d11721c4dcdbdad8f713fa42b33f4 -> 
  custom:video-decoder-ogg-theora: a1e56fd34408186e4bbccfd4996cb3dc -> 
  custom:CustomObjectIndexerAttribute: 6d391050e5a25f67b0a2c618074f2cd9 -> 
  custom:container-demuxer-webm: 4f35f7cbe854078d1ac9338744f61a02 -> 
  custom:video-encoder-webm-vp8: eb34c28f22e8b96e1ab97ce403110664 -> 
========================================================================
Received Prepare
Begin MonoManager ReloadAssembly
- Loaded All Assemblies, in  0.625 seconds
Refreshing native plugins compatible for Editor in 11.13 ms, found 3 plugins.
Native extension for UWP target not found
Native extension for LinuxStandalone target not found
Native extension for WindowsStandalone target not found
Native extension for Android target not found
Native extension for WebGL target not found
[Package Manager] Server::EnsureServerProcessIsRunning -- launch failed, reason: Unity was launched with the -noUpm command-line argument
[Package Manager] UpmClient::Send -- Unable to send message (not connected to UPM process).
[Package Manager] Cannot connect to Unity Package Manager local server
Mono: successfully reloaded assembly
- Finished resetting the current domain, in  2.340 seconds
Domain Reload Profiling: 2958ms
	BeginReloadAssembly (170ms)
		ExecutionOrderSort (0ms)
		DisableScriptedObjects (5ms)
		BackupInstance (0ms)
		ReleaseScriptingObjects (0ms)
		CreateAndSetChildDomain (47ms)
	RebuildCommonClasses (32ms)
	RebuildNativeTypeToScriptingClass (12ms)
	initialDomainReloadingComplete (35ms)
	LoadAllAssembliesAndSetupDomain (369ms)
		LoadAssemblies (379ms)
		RebuildTransferFunctionScriptingTraits (0ms)
		AnalyzeDomain (64ms)
			TypeCache.Refresh (11ms)
				TypeCache.ScanAssembly (0ms)
			ScanForSourceGeneratedMonoScriptInfo (40ms)
			ResolveRequiredComponents (11ms)
	FinalizeReload (2340ms)
		ReleaseScriptCaches (0ms)
		RebuildScriptCaches (0ms)
		SetupLoadedEditorAssemblies (1121ms)
			LogAssemblyErrors (0ms)
			InitializePlatformSupportModulesInManaged (30ms)
			SetLoadedEditorAssemblies (3ms)
			RefreshPlugins (0ms)
			BeforeProcessingInitializeOnLoad (87ms)
			ProcessInitializeOnLoadAttributes (603ms)
			ProcessInitializeOnLoadMethodAttributes (390ms)
			AfterProcessingInitializeOnLoad (7ms)
			EditorAssembliesLoaded (1ms)
		ExecutionOrderSort2 (0ms)
		AwakeInstancesAfterBackupRestoration (50ms)
Refreshing native plugins compatible for Editor in 11.16 ms, found 3 plugins.
Preloading 0 native plugins for Editor in 0.00 ms.
Unloading 6280 Unused Serialized files (Serialized files now loaded: 0)
Unloading 84 unused Assets / (3.6 MB). Loaded Objects now: 7294.
Memory consumption went from 286.3 MB to 282.7 MB.
Total: 16.594500 ms (FindLiveObjects: 0.547900 ms CreateObjectMapping: 0.506400 ms MarkObjects: 15.030100 ms  DeleteObjects: 0.508800 ms)

Prepare: number of updated asset objects reloaded= 0
AssetImportParameters requested are different than current active one (requested -> active):
  custom:container-demuxer-ogg: 62fdf1f143b41e24485cea50d1cbac27 -> 
  custom:scripting/monoscript/fileName/IntegrationMethods.cs: 9b3f18272f0d55c714bdc47473884527 -> 
  custom:framework-win-MediaFoundation: 216162199b28c13a410421893ffa2e32 -> 
  custom:container-muxer-webm: aa71ff27fc2769a1b78a27578f13a17b -> 
  custom:video-decoder-webm-vp8: 9c59270c3fd7afecdb556c50c9e8de78 -> 
  custom:SearchIndexIgnoredProperties: e643bd26f0fe6173181afceb89e7c659 -> 
  custom:AudioImporter_EditorPlatform: d09bf68614088b80899f8185d706f6e7 -> 
  custom:audio-decoder-ogg-vorbis: bf7c407c2cedff20999df2af8eb42d56 -> 
  custom:audio-encoder-webm-vorbis: bf7c407c2cedff20999df2af8eb42d56 -> 
  custom:scripting/monoscript/fileName/Ballistics.cs: 63f19c248b038517e4b8cc8256278fec -> 
  custom:video-codec-MediaFoundation-h265: 746d11721c4dcdbdad8f713fa42b33f4 -> 
  custom:video-decoder-ogg-theora: a1e56fd34408186e4bbccfd4996cb3dc -> 
  custom:CustomObjectIndexerAttribute: 6d391050e5a25f67b0a2c618074f2cd9 -> 
  custom:container-demuxer-webm: 4f35f7cbe854078d1ac9338744f61a02 -> 
  custom:video-encoder-webm-vp8: eb34c28f22e8b96e1ab97ce403110664 -> 
========================================================================
Received Prepare
Begin MonoManager ReloadAssembly
- Loaded All Assemblies, in  0.601 seconds
Refreshing native plugins compatible for Editor in 11.29 ms, found 3 plugins.
Native extension for UWP target not found
Native extension for LinuxStandalone target not found
Native extension for WindowsStandalone target not found
Native extension for Android target not found
Native extension for WebGL target not found
[Package Manager] Server::EnsureServerProcessIsRunning -- launch failed, reason: Unity was launched with the -noUpm command-line argument
[Package Manager] UpmClient::Send -- Unable to send message (not connected to UPM process).
[Package Manager] Cannot connect to Unity Package Manager local server
Mono: successfully reloaded assembly
- Finished resetting the current domain, in  2.475 seconds
Domain Reload Profiling: 3069ms
	BeginReloadAssembly (182ms)
		ExecutionOrderSort (0ms)
		DisableScriptedObjects (5ms)
		BackupInstance (0ms)
		ReleaseScriptingObjects (0ms)
		CreateAndSetChildDomain (56ms)
	RebuildCommonClasses (32ms)
	RebuildNativeTypeToScriptingClass (12ms)
	initialDomainReloadingComplete (36ms)
	LoadAllAssembliesAndSetupDomain (332ms)
		LoadAssemblies (387ms)
		RebuildTransferFunctionScriptingTraits (0ms)
		AnalyzeDomain (22ms)
			TypeCache.Refresh (8ms)
				TypeCache.ScanAssembly (0ms)
			ScanForSourceGeneratedMonoScriptInfo (0ms)
			ResolveRequiredComponents (11ms)
	FinalizeReload (2475ms)
		ReleaseScriptCaches (0ms)
		RebuildScriptCaches (0ms)
		SetupLoadedEditorAssemblies (1171ms)
			LogAssemblyErrors (0ms)
			InitializePlatformSupportModulesInManaged (29ms)
			SetLoadedEditorAssemblies (3ms)
			RefreshPlugins (0ms)
			BeforeProcessingInitializeOnLoad (89ms)
			ProcessInitializeOnLoadAttributes (609ms)
			ProcessInitializeOnLoadMethodAttributes (430ms)
			AfterProcessingInitializeOnLoad (11ms)
			EditorAssembliesLoaded (0ms)
		ExecutionOrderSort2 (0ms)
		AwakeInstancesAfterBackupRestoration (58ms)
Refreshing native plugins compatible for Editor in 11.69 ms, found 3 plugins.
Preloading 0 native plugins for Editor in 0.00 ms.
Unloading 6280 Unused Serialized files (Serialized files now loaded: 0)
Unloading 84 unused Assets / (3.6 MB). Loaded Objects now: 7297.
Memory consumption went from 288.2 MB to 284.6 MB.
Total: 17.551900 ms (FindLiveObjects: 0.463600 ms CreateObjectMapping: 0.477500 ms MarkObjects: 16.020300 ms  DeleteObjects: 0.589300 ms)

Prepare: number of updated asset objects reloaded= 0
AssetImportParameters requested are different than current active one (requested -> active):
  custom:container-demuxer-ogg: 62fdf1f143b41e24485cea50d1cbac27 -> 
  custom:scripting/monoscript/fileName/IntegrationMethods.cs: 9b3f18272f0d55c714bdc47473884527 -> 
  custom:framework-win-MediaFoundation: 216162199b28c13a410421893ffa2e32 -> 
  custom:container-muxer-webm: aa71ff27fc2769a1b78a27578f13a17b -> 
  custom:video-decoder-webm-vp8: 9c59270c3fd7afecdb556c50c9e8de78 -> 
  custom:SearchIndexIgnoredProperties: e643bd26f0fe6173181afceb89e7c659 -> 
  custom:AudioImporter_EditorPlatform: d09bf68614088b80899f8185d706f6e7 -> 
  custom:audio-decoder-ogg-vorbis: bf7c407c2cedff20999df2af8eb42d56 -> 
  custom:audio-encoder-webm-vorbis: bf7c407c2cedff20999df2af8eb42d56 -> 
  custom:scripting/monoscript/fileName/Ballistics.cs: 63f19c248b038517e4b8cc8256278fec -> 
  custom:video-codec-MediaFoundation-h265: 746d11721c4dcdbdad8f713fa42b33f4 -> 
  custom:video-decoder-ogg-theora: a1e56fd34408186e4bbccfd4996cb3dc -> 
  custom:CustomObjectIndexerAttribute: 6d391050e5a25f67b0a2c618074f2cd9 -> 
  custom:container-demuxer-webm: 4f35f7cbe854078d1ac9338744f61a02 -> 
  custom:video-encoder-webm-vp8: eb34c28f22e8b96e1ab97ce403110664 -> 
========================================================================
Received Prepare
Begin MonoManager ReloadAssembly
- Loaded All Assemblies, in  0.583 seconds
Refreshing native plugins compatible for Editor in 10.50 ms, found 3 plugins.
Native extension for UWP target not found
Native extension for LinuxStandalone target not found
Native extension for WindowsStandalone target not found
Native extension for Android target not found
Native extension for WebGL target not found
[Package Manager] Server::EnsureServerProcessIsRunning -- launch failed, reason: Unity was launched with the -noUpm command-line argument
[Package Manager] UpmClient::Send -- Unable to send message (not connected to UPM process).
[Package Manager] Cannot connect to Unity Package Manager local server
Mono: successfully reloaded assembly
- Finished resetting the current domain, in  2.355 seconds
Domain Reload Profiling: 2931ms
	BeginReloadAssembly (175ms)
		ExecutionOrderSort (0ms)
		DisableScriptedObjects (5ms)
		BackupInstance (0ms)
		ReleaseScriptingObjects (0ms)
		CreateAndSetChildDomain (50ms)
	RebuildCommonClasses (32ms)
	RebuildNativeTypeToScriptingClass (11ms)
	initialDomainReloadingComplete (36ms)
	LoadAllAssembliesAndSetupDomain (322ms)
		LoadAssemblies (376ms)
		RebuildTransferFunctionScriptingTraits (0ms)
		AnalyzeDomain (21ms)
			TypeCache.Refresh (8ms)
				TypeCache.ScanAssembly (0ms)
			ScanForSourceGeneratedMonoScriptInfo (0ms)
			ResolveRequiredComponents (11ms)
	FinalizeReload (2355ms)
		ReleaseScriptCaches (0ms)
		RebuildScriptCaches (0ms)
		SetupLoadedEditorAssemblies (1070ms)
			LogAssemblyErrors (0ms)
			InitializePlatformSupportModulesInManaged (30ms)
			SetLoadedEditorAssemblies (3ms)
			RefreshPlugins (0ms)
			BeforeProcessingInitializeOnLoad (91ms)
			ProcessInitializeOnLoadAttributes (570ms)
			ProcessInitializeOnLoadMethodAttributes (368ms)
			AfterProcessingInitializeOnLoad (7ms)
			EditorAssembliesLoaded (0ms)
		ExecutionOrderSort2 (0ms)
		AwakeInstancesAfterBackupRestoration (65ms)
Refreshing native plugins compatible for Editor in 10.59 ms, found 3 plugins.
Preloading 0 native plugins for Editor in 0.00 ms.
Unloading 6280 Unused Serialized files (Serialized files now loaded: 0)
Unloading 84 unused Assets / (3.6 MB). Loaded Objects now: 7300.
Memory consumption went from 290.1 MB to 286.6 MB.
Total: 16.481200 ms (FindLiveObjects: 0.465000 ms CreateObjectMapping: 0.557500 ms MarkObjects: 14.945600 ms  DeleteObjects: 0.511600 ms)

Prepare: number of updated asset objects reloaded= 0
AssetImportParameters requested are different than current active one (requested -> active):
  custom:container-demuxer-ogg: 62fdf1f143b41e24485cea50d1cbac27 -> 
  custom:scripting/monoscript/fileName/IntegrationMethods.cs: 9b3f18272f0d55c714bdc47473884527 -> 
  custom:framework-win-MediaFoundation: 216162199b28c13a410421893ffa2e32 -> 
  custom:container-muxer-webm: aa71ff27fc2769a1b78a27578f13a17b -> 
  custom:video-decoder-webm-vp8: 9c59270c3fd7afecdb556c50c9e8de78 -> 
  custom:SearchIndexIgnoredProperties: e643bd26f0fe6173181afceb89e7c659 -> 
  custom:AudioImporter_EditorPlatform: d09bf68614088b80899f8185d706f6e7 -> 
  custom:audio-decoder-ogg-vorbis: bf7c407c2cedff20999df2af8eb42d56 -> 
  custom:audio-encoder-webm-vorbis: bf7c407c2cedff20999df2af8eb42d56 -> 
  custom:scripting/monoscript/fileName/Ballistics.cs: 63f19c248b038517e4b8cc8256278fec -> 
  custom:video-codec-MediaFoundation-h265: 746d11721c4dcdbdad8f713fa42b33f4 -> 
  custom:video-decoder-ogg-theora: a1e56fd34408186e4bbccfd4996cb3dc -> 
  custom:CustomObjectIndexerAttribute: 6d391050e5a25f67b0a2c618074f2cd9 -> 
  custom:container-demuxer-webm: 4f35f7cbe854078d1ac9338744f61a02 -> 
  custom:video-encoder-webm-vp8: eb34c28f22e8b96e1ab97ce403110664 -> 
========================================================================
Received Prepare
Begin MonoManager ReloadAssembly
- Loaded All Assemblies, in  0.662 seconds
Refreshing native plugins compatible for Editor in 11.39 ms, found 3 plugins.
Native extension for UWP target not found
Native extension for LinuxStandalone target not found
Native extension for WindowsStandalone target not found
Native extension for Android target not found
Native extension for WebGL target not found
[Package Manager] Server::EnsureServerProcessIsRunning -- launch failed, reason: Unity was launched with the -noUpm command-line argument
[Package Manager] UpmClient::Send -- Unable to send message (not connected to UPM process).
[Package Manager] Cannot connect to Unity Package Manager local server
Mono: successfully reloaded assembly
- Finished resetting the current domain, in  2.838 seconds
Domain Reload Profiling: 3493ms
	BeginReloadAssembly (177ms)
		ExecutionOrderSort (0ms)
		DisableScriptedObjects (5ms)
		BackupInstance (0ms)
		ReleaseScriptingObjects (0ms)
		CreateAndSetChildDomain (50ms)
	RebuildCommonClasses (32ms)
	RebuildNativeTypeToScriptingClass (11ms)
	initialDomainReloadingComplete (38ms)
	LoadAllAssembliesAndSetupDomain (396ms)
		LoadAssemblies (398ms)
		RebuildTransferFunctionScriptingTraits (0ms)
		AnalyzeDomain (75ms)
			TypeCache.Refresh (12ms)
				TypeCache.ScanAssembly (0ms)
			ScanForSourceGeneratedMonoScriptInfo (49ms)
			ResolveRequiredComponents (12ms)
	FinalizeReload (2839ms)
		ReleaseScriptCaches (0ms)
		RebuildScriptCaches (0ms)
		SetupLoadedEditorAssemblies (1299ms)
			LogAssemblyErrors (0ms)
			InitializePlatformSupportModulesInManaged (29ms)
			SetLoadedEditorAssemblies (3ms)
			RefreshPlugins (0ms)
			BeforeProcessingInitializeOnLoad (93ms)
			ProcessInitializeOnLoadAttributes (741ms)
			ProcessInitializeOnLoadMethodAttributes (423ms)
			AfterProcessingInitializeOnLoad (7ms)
			EditorAssembliesLoaded (1ms)
		ExecutionOrderSort2 (0ms)
		AwakeInstancesAfterBackupRestoration (55ms)
Refreshing native plugins compatible for Editor in 11.43 ms, found 3 plugins.
Preloading 0 native plugins for Editor in 0.00 ms.
Unloading 6280 Unused Serialized files (Serialized files now loaded: 0)
Unloading 84 unused Assets / (3.6 MB). Loaded Objects now: 7303.
Memory consumption went from 292.0 MB to 288.5 MB.
Total: 18.494100 ms (FindLiveObjects: 0.862500 ms CreateObjectMapping: 0.865400 ms MarkObjects: 16.104000 ms  DeleteObjects: 0.660600 ms)

Prepare: number of updated asset objects reloaded= 0
AssetImportParameters requested are different than current active one (requested -> active):
  custom:container-demuxer-ogg: 62fdf1f143b41e24485cea50d1cbac27 -> 
  custom:scripting/monoscript/fileName/IntegrationMethods.cs: 9b3f18272f0d55c714bdc47473884527 -> 
  custom:framework-win-MediaFoundation: 216162199b28c13a410421893ffa2e32 -> 
  custom:container-muxer-webm: aa71ff27fc2769a1b78a27578f13a17b -> 
  custom:video-decoder-webm-vp8: 9c59270c3fd7afecdb556c50c9e8de78 -> 
  custom:SearchIndexIgnoredProperties: e643bd26f0fe6173181afceb89e7c659 -> 
  custom:AudioImporter_EditorPlatform: d09bf68614088b80899f8185d706f6e7 -> 
  custom:audio-decoder-ogg-vorbis: bf7c407c2cedff20999df2af8eb42d56 -> 
  custom:audio-encoder-webm-vorbis: bf7c407c2cedff20999df2af8eb42d56 -> 
  custom:scripting/monoscript/fileName/Ballistics.cs: 63f19c248b038517e4b8cc8256278fec -> 
  custom:video-codec-MediaFoundation-h265: 746d11721c4dcdbdad8f713fa42b33f4 -> 
  custom:video-decoder-ogg-theora: a1e56fd34408186e4bbccfd4996cb3dc -> 
  custom:CustomObjectIndexerAttribute: 6d391050e5a25f67b0a2c618074f2cd9 -> 
  custom:container-demuxer-webm: 4f35f7cbe854078d1ac9338744f61a02 -> 
  custom:video-encoder-webm-vp8: eb34c28f22e8b96e1ab97ce403110664 -> 
========================================================================
Received Import Request.
  Time since last request: 658.920845 seconds.
  path: Assets/Internal/Prefabs/Bullets/Bullet.prefab
  artifactKey: Guid(353af56144c21f74184f3f426e1424e1) Importer(815301076,1909f56bfc062723c751e8b465ee728b)
Start importing Assets/Internal/Prefabs/Bullets/Bullet.prefab using Guid(353af56144c21f74184f3f426e1424e1) Importer(815301076,1909f56bfc062723c751e8b465ee728b)  -> (artifact id: '0db7a735f389e3bc70f4ff72ff9bc6d1') in 0.704981 seconds
Number of updated asset objects reloaded before import = 0
Number of asset objects unloaded after import = 62
========================================================================
Received Import Request.
  Time since last request: 3.767410 seconds.
  path: Assets/Internal/Prefabs/Bullets/Bullet.prefab
  artifactKey: Guid(353af56144c21f74184f3f426e1424e1) Importer(815301076,1909f56bfc062723c751e8b465ee728b)
Start importing Assets/Internal/Prefabs/Bullets/Bullet.prefab using Guid(353af56144c21f74184f3f426e1424e1) Importer(815301076,1909f56bfc062723c751e8b465ee728b)  -> (artifact id: '734857a20fd0feba85c1e83a7f26229e') in 0.002356 seconds
Number of updated asset objects reloaded before import = 0
Number of asset objects unloaded after import = 6
========================================================================
Received Import Request.
  Time since last request: 11.551565 seconds.
  path: Assets/Internal/Prefabs/Bullets/Bullet.prefab
  artifactKey: Guid(353af56144c21f74184f3f426e1424e1) Importer(815301076,1909f56bfc062723c751e8b465ee728b)
Start importing Assets/Internal/Prefabs/Bullets/Bullet.prefab using Guid(353af56144c21f74184f3f426e1424e1) Importer(815301076,1909f56bfc062723c751e8b465ee728b)  -> (artifact id: 'cc1f6e8c7112ecb93d7e189ce8d65856') in 0.023857 seconds
Number of updated asset objects reloaded before import = 0
Number of asset objects unloaded after import = 8
========================================================================
Received Import Request.
  Time since last request: 18.441633 seconds.
  path: Assets/Internal/Prefabs/Bullets/Bullet.prefab
  artifactKey: Guid(353af56144c21f74184f3f426e1424e1) Importer(815301076,1909f56bfc062723c751e8b465ee728b)
Start importing Assets/Internal/Prefabs/Bullets/Bullet.prefab using Guid(353af56144c21f74184f3f426e1424e1) Importer(815301076,1909f56bfc062723c751e8b465ee728b)  -> (artifact id: '93ca79e6b346833ac97108de21d5d5f1') in 0.013056 seconds
Number of updated asset objects reloaded before import = 0
Number of asset objects unloaded after import = 8
========================================================================
Received Import Request.
  Time since last request: 11.181313 seconds.
  path: Assets/Internal/Prefabs/Bullets/Bullet.prefab
  artifactKey: Guid(353af56144c21f74184f3f426e1424e1) Importer(815301076,1909f56bfc062723c751e8b465ee728b)
Start importing Assets/Internal/Prefabs/Bullets/Bullet.prefab using Guid(353af56144c21f74184f3f426e1424e1) Importer(815301076,1909f56bfc062723c751e8b465ee728b)  -> (artifact id: 'a6ee6fc8a27943bb1e2dead419b1263c') in 0.013592 seconds
Number of updated asset objects reloaded before import = 0
Number of asset objects unloaded after import = 8
========================================================================
Received Import Request.
  Time since last request: 6.747407 seconds.
  path: Assets/Internal/Prefabs/Bullets/Bullet.prefab
  artifactKey: Guid(353af56144c21f74184f3f426e1424e1) Importer(815301076,1909f56bfc062723c751e8b465ee728b)
Start importing Assets/Internal/Prefabs/Bullets/Bullet.prefab using Guid(353af56144c21f74184f3f426e1424e1) Importer(815301076,1909f56bfc062723c751e8b465ee728b)  -> (artifact id: '9ab5528ea50d80cc479e42db5f29e4bb') in 0.012059 seconds
Number of updated asset objects reloaded before import = 0
Number of asset objects unloaded after import = 8
========================================================================
Received Import Request.
  Time since last request: 11.125585 seconds.
  path: Assets/Internal/Prefabs/Bullets/Bullet.prefab
  artifactKey: Guid(353af56144c21f74184f3f426e1424e1) Importer(815301076,1909f56bfc062723c751e8b465ee728b)
Start importing Assets/Internal/Prefabs/Bullets/Bullet.prefab using Guid(353af56144c21f74184f3f426e1424e1) Importer(815301076,1909f56bfc062723c751e8b465ee728b)  -> (artifact id: '52254cdb04d797127468ee88a81dadd3') in 0.013791 seconds
Number of updated asset objects reloaded before import = 0
Number of asset objects unloaded after import = 8
========================================================================
Received Import Request.
  Time since last request: 5.268243 seconds.
  path: Assets/Internal/Prefabs/Bullets/Bullet.prefab
  artifactKey: Guid(353af56144c21f74184f3f426e1424e1) Importer(815301076,1909f56bfc062723c751e8b465ee728b)
Start importing Assets/Internal/Prefabs/Bullets/Bullet.prefab using Guid(353af56144c21f74184f3f426e1424e1) Importer(815301076,1909f56bfc062723c751e8b465ee728b)  -> (artifact id: 'dda65e0adbcae9abc7b99edca49cf7ee') in 0.013416 seconds
Number of updated asset objects reloaded before import = 0
Number of asset objects unloaded after import = 8
========================================================================
Received Import Request.
  Time since last request: 8.208297 seconds.
  path: Assets/Internal/Prefabs/Bullets/Bullet.prefab
  artifactKey: Guid(353af56144c21f74184f3f426e1424e1) Importer(815301076,1909f56bfc062723c751e8b465ee728b)
Start importing Assets/Internal/Prefabs/Bullets/Bullet.prefab using Guid(353af56144c21f74184f3f426e1424e1) Importer(815301076,1909f56bfc062723c751e8b465ee728b)  -> (artifact id: '2c7e84d9cf640c8cd85c4c330e0e565c') in 0.011988 seconds
Number of updated asset objects reloaded before import = 0
Number of asset objects unloaded after import = 8
========================================================================
Received Import Request.
  Time since last request: 1.814110 seconds.
  path: Assets/Internal/Prefabs/Bullets/Bullet.prefab
  artifactKey: Guid(353af56144c21f74184f3f426e1424e1) Importer(815301076,1909f56bfc062723c751e8b465ee728b)
Start importing Assets/Internal/Prefabs/Bullets/Bullet.prefab using Guid(353af56144c21f74184f3f426e1424e1) Importer(815301076,1909f56bfc062723c751e8b465ee728b)  -> (artifact id: 'f806457151e4e25103c1ef39f5605a90') in 0.012491 seconds
Number of updated asset objects reloaded before import = 0
Number of asset objects unloaded after import = 8
========================================================================
Received Import Request.
  Time since last request: 4.439170 seconds.
  path: Assets/Internal/Prefabs/Bullets/Bullet.prefab
  artifactKey: Guid(353af56144c21f74184f3f426e1424e1) Importer(815301076,1909f56bfc062723c751e8b465ee728b)
Start importing Assets/Internal/Prefabs/Bullets/Bullet.prefab using Guid(353af56144c21f74184f3f426e1424e1) Importer(815301076,1909f56bfc062723c751e8b465ee728b)  -> (artifact id: 'ebbfb247ed5ad6b873938818b67d64a0') in 0.011822 seconds
Number of updated asset objects reloaded before import = 0
Number of asset objects unloaded after import = 8
========================================================================
Received Import Request.
  Time since last request: 2.689508 seconds.
  path: Assets/Internal/Prefabs/Bullets/Bullet.prefab
  artifactKey: Guid(353af56144c21f74184f3f426e1424e1) Importer(815301076,1909f56bfc062723c751e8b465ee728b)
Start importing Assets/Internal/Prefabs/Bullets/Bullet.prefab using Guid(353af56144c21f74184f3f426e1424e1) Importer(815301076,1909f56bfc062723c751e8b465ee728b)  -> (artifact id: 'a620b47a145d5b3405deeae1e0d52041') in 0.012096 seconds
Number of updated asset objects reloaded before import = 0
Number of asset objects unloaded after import = 8
========================================================================
Received Import Request.
  Time since last request: 4.125765 seconds.
  path: Assets/Internal/Prefabs/Bullets/Bullet.prefab
  artifactKey: Guid(353af56144c21f74184f3f426e1424e1) Importer(815301076,1909f56bfc062723c751e8b465ee728b)
Start importing Assets/Internal/Prefabs/Bullets/Bullet.prefab using Guid(353af56144c21f74184f3f426e1424e1) Importer(815301076,1909f56bfc062723c751e8b465ee728b)  -> (artifact id: 'f969269ede0b62da3a598cea77bbc911') in 0.013132 seconds
Number of updated asset objects reloaded before import = 0
Number of asset objects unloaded after import = 8
========================================================================
Received Import Request.
  Time since last request: 1.462948 seconds.
  path: Assets/Internal/Prefabs/Bullets/Bullet.prefab
  artifactKey: Guid(353af56144c21f74184f3f426e1424e1) Importer(815301076,1909f56bfc062723c751e8b465ee728b)
Start importing Assets/Internal/Prefabs/Bullets/Bullet.prefab using Guid(353af56144c21f74184f3f426e1424e1) Importer(815301076,1909f56bfc062723c751e8b465ee728b)  -> (artifact id: 'd6d1a4e780006800218a36c572102100') in 0.011918 seconds
Number of updated asset objects reloaded before import = 0
Number of asset objects unloaded after import = 8
========================================================================
Received Import Request.
  Time since last request: 2.135495 seconds.
  path: Assets/Internal/Prefabs/Bullets/Bullet.prefab
  artifactKey: Guid(353af56144c21f74184f3f426e1424e1) Importer(815301076,1909f56bfc062723c751e8b465ee728b)
Start importing Assets/Internal/Prefabs/Bullets/Bullet.prefab using Guid(353af56144c21f74184f3f426e1424e1) Importer(815301076,1909f56bfc062723c751e8b465ee728b)  -> (artifact id: '835a950454af8aeff57b898a480a64fd') in 0.015591 seconds
Number of updated asset objects reloaded before import = 0
Number of asset objects unloaded after import = 8
========================================================================
Received Import Request.
  Time since last request: 21.689534 seconds.
  path: Assets/Internal/Prefabs/Bullets/Bullet.prefab
  artifactKey: Guid(353af56144c21f74184f3f426e1424e1) Importer(815301076,1909f56bfc062723c751e8b465ee728b)
Start importing Assets/Internal/Prefabs/Bullets/Bullet.prefab using Guid(353af56144c21f74184f3f426e1424e1) Importer(815301076,1909f56bfc062723c751e8b465ee728b)  -> (artifact id: '431f83ff437b2b9dae058c7c6cc20734') in 0.013624 seconds
Number of updated asset objects reloaded before import = 0
Number of asset objects unloaded after import = 8
========================================================================
Received Import Request.
  Time since last request: 2.186144 seconds.
  path: Assets/Internal/Prefabs/Bullets/Bullet.prefab
  artifactKey: Guid(353af56144c21f74184f3f426e1424e1) Importer(815301076,1909f56bfc062723c751e8b465ee728b)
Start importing Assets/Internal/Prefabs/Bullets/Bullet.prefab using Guid(353af56144c21f74184f3f426e1424e1) Importer(815301076,1909f56bfc062723c751e8b465ee728b)  -> (artifact id: '7033a15848a996074661394c93d63649') in 0.014828 seconds
Number of updated asset objects reloaded before import = 0
Number of asset objects unloaded after import = 8
========================================================================
Received Import Request.
  Time since last request: 1.461140 seconds.
  path: Assets/Internal/Prefabs/Bullets/Bullet.prefab
  artifactKey: Guid(353af56144c21f74184f3f426e1424e1) Importer(815301076,1909f56bfc062723c751e8b465ee728b)
Start importing Assets/Internal/Prefabs/Bullets/Bullet.prefab using Guid(353af56144c21f74184f3f426e1424e1) Importer(815301076,1909f56bfc062723c751e8b465ee728b)  -> (artifact id: '07f5e0d8ca23162065772774fccdf146') in 0.013584 seconds
Number of updated asset objects reloaded before import = 0
Number of asset objects unloaded after import = 8
========================================================================
Received Import Request.
  Time since last request: 9.106266 seconds.
  path: Assets/Internal/Prefabs/Bullets/Bullet.prefab
  artifactKey: Guid(353af56144c21f74184f3f426e1424e1) Importer(815301076,1909f56bfc062723c751e8b465ee728b)
Start importing Assets/Internal/Prefabs/Bullets/Bullet.prefab using Guid(353af56144c21f74184f3f426e1424e1) Importer(815301076,1909f56bfc062723c751e8b465ee728b)  -> (artifact id: 'a9b2e8b5cfe64a4292fe7aeb0efbb379') in 0.013709 seconds
Number of updated asset objects reloaded before import = 0
Number of asset objects unloaded after import = 8
========================================================================
Received Import Request.
  Time since last request: 14.473337 seconds.
  path: Assets/Internal/Materials/Projectile.mat
  artifactKey: Guid(d2d2dc34caba2f5498569044b01c71b7) Importer(815301076,1909f56bfc062723c751e8b465ee728b)
Start importing Assets/Internal/Materials/Projectile.mat using Guid(d2d2dc34caba2f5498569044b01c71b7) Importer(815301076,1909f56bfc062723c751e8b465ee728b)  -> (artifact id: 'dc02e2575eea353c54c224e32e67f3c8') in 0.077599 seconds
Number of updated asset objects reloaded before import = 0
Number of asset objects unloaded after import = 1
========================================================================
Received Import Request.
  Time since last request: 2.990797 seconds.
  path: Assets/Internal/Materials/ProjectileTrail.mat
  artifactKey: Guid(d2d2dc34caba2f5498569044b01c71b7) Importer(815301076,1909f56bfc062723c751e8b465ee728b)
Start importing Assets/Internal/Materials/ProjectileTrail.mat using Guid(d2d2dc34caba2f5498569044b01c71b7) Importer(815301076,1909f56bfc062723c751e8b465ee728b)  -> (artifact id: 'b87478a8ccebfa4315854fda7d743962') in 0.074806 seconds
Number of updated asset objects reloaded before import = 0
Number of asset objects unloaded after import = 1
========================================================================
Received Import Request.
  Time since last request: 219.054151 seconds.
  path: Assets/Internal/Materials/ProjectileTrail.mat
  artifactKey: Guid(d2d2dc34caba2f5498569044b01c71b7) Importer(815301076,1909f56bfc062723c751e8b465ee728b)
Start importing Assets/Internal/Materials/ProjectileTrail.mat using Guid(d2d2dc34caba2f5498569044b01c71b7) Importer(815301076,1909f56bfc062723c751e8b465ee728b)  -> (artifact id: 'd3ca14c8fcef801387a7792fe8749ab1') in 0.022166 seconds
Number of updated asset objects reloaded before import = 0
Number of asset objects unloaded after import = 1
========================================================================
Received Import Request.
  Time since last request: 10.559910 seconds.
  path: Assets/Internal/Settings/HDRPDefaultResources/DefaultLookDevProfile.asset
  artifactKey: Guid(4594f4a3fb14247e192bcca6dc23c8ed) Importer(815301076,1909f56bfc062723c751e8b465ee728b)
Start importing Assets/Internal/Settings/HDRPDefaultResources/DefaultLookDevProfile.asset using Guid(4594f4a3fb14247e192bcca6dc23c8ed) Importer(815301076,1909f56bfc062723c751e8b465ee728b)  -> (artifact id: '393c9c7bf0f70af9a8e5ccc94403f433') in 0.001552 seconds
Number of updated asset objects reloaded before import = 0
Number of asset objects unloaded after import = 0
========================================================================
Received Import Request.
  Time since last request: 0.000105 seconds.
  path: Assets/Internal/Settings/HDRPDefaultResources/DefaultSettingsVolumeProfile.asset
  artifactKey: Guid(14b392ee213d25a48b1feddbd9f5a9be) Importer(815301076,1909f56bfc062723c751e8b465ee728b)
Start importing Assets/Internal/Settings/HDRPDefaultResources/DefaultSettingsVolumeProfile.asset using Guid(14b392ee213d25a48b1feddbd9f5a9be) Importer(815301076,1909f56bfc062723c751e8b465ee728b)  -> (artifact id: '2579481cc324d5e278a2594cf648bf44') in 0.001080 seconds
Number of updated asset objects reloaded before import = 0
Number of asset objects unloaded after import = 0
========================================================================
Received Import Request.
  Time since last request: 0.000077 seconds.
  path: Assets/Internal/Settings/SkyandFogSettingsProfile.asset
  artifactKey: Guid(8ba92e2dd7f884a0f88b98fa2d235fe7) Importer(815301076,1909f56bfc062723c751e8b465ee728b)
Start importing Assets/Internal/Settings/SkyandFogSettingsProfile.asset using Guid(8ba92e2dd7f884a0f88b98fa2d235fe7) Importer(815301076,1909f56bfc062723c751e8b465ee728b)  -> (artifact id: '630dbcc0c389c4230a5272f5a1805aa8') in 0.007406 seconds
Number of updated asset objects reloaded before import = 0
Number of asset objects unloaded after import = 5
========================================================================
Received Import Request.
  Time since last request: 8.734796 seconds.
  path: Assets/Internal/Volumes
  artifactKey: Guid(ff3f356c7a36215499261771bf602e58) Importer(815301076,1909f56bfc062723c751e8b465ee728b)
Start importing Assets/Internal/Volumes using Guid(ff3f356c7a36215499261771bf602e58) Importer(815301076,1909f56bfc062723c751e8b465ee728b)  -> (artifact id: '16a546e57c87af4ed926e66e6dbf2a6a') in 0.000535 seconds
Number of updated asset objects reloaded before import = 0
Number of asset objects unloaded after import = 0
========================================================================
Received Import Request.
  Time since last request: 21.602659 seconds.
  path: Assets/Internal/Volumes/GlobalVolume.asset
  artifactKey: Guid(771b211c536ab8f43a64c417e7d0c302) Importer(815301076,1909f56bfc062723c751e8b465ee728b)
Start importing Assets/Internal/Volumes/GlobalVolume.asset using Guid(771b211c536ab8f43a64c417e7d0c302) Importer(815301076,1909f56bfc062723c751e8b465ee728b)  -> (artifact id: 'a09666ad2e7104bc563682a78dcc009b') in 0.001192 seconds
Number of updated asset objects reloaded before import = 0
Number of asset objects unloaded after import = 1
========================================================================
Received Import Request.
  Time since last request: 4.157985 seconds.
  path: Assets/Internal/Volumes/GlobalVolume.asset
  artifactKey: Guid(771b211c536ab8f43a64c417e7d0c302) Importer(815301076,1909f56bfc062723c751e8b465ee728b)
Start importing Assets/Internal/Volumes/GlobalVolume.asset using Guid(771b211c536ab8f43a64c417e7d0c302) Importer(815301076,1909f56bfc062723c751e8b465ee728b)  -> (artifact id: 'd3a4e98059a11a0664768f35cb77e0bc') in 0.001410 seconds
Number of updated asset objects reloaded before import = 0
Number of asset objects unloaded after import = 2
========================================================================
Received Import Request.
  Time since last request: 19.200708 seconds.
  path: Assets/Internal/Volumes/GlobalVolume.asset
  artifactKey: Guid(771b211c536ab8f43a64c417e7d0c302) Importer(815301076,1909f56bfc062723c751e8b465ee728b)
Start importing Assets/Internal/Volumes/GlobalVolume.asset using Guid(771b211c536ab8f43a64c417e7d0c302) Importer(815301076,1909f56bfc062723c751e8b465ee728b)  -> (artifact id: '463ee8b9a708ace0f99173d8ed562282') in 0.001776 seconds
Number of updated asset objects reloaded before import = 0
Number of asset objects unloaded after import = 2
========================================================================
Received Import Request.
  Time since last request: 56.472935 seconds.
  path: Assets/Internal/Volumes/GlobalVolume.asset
  artifactKey: Guid(771b211c536ab8f43a64c417e7d0c302) Importer(815301076,1909f56bfc062723c751e8b465ee728b)
Start importing Assets/Internal/Volumes/GlobalVolume.asset using Guid(771b211c536ab8f43a64c417e7d0c302) Importer(815301076,1909f56bfc062723c751e8b465ee728b)  -> (artifact id: '1ec0c8f29ca8d0e0ab57e658174f9a09') in 0.001753 seconds
Number of updated asset objects reloaded before import = 0
Number of asset objects unloaded after import = 3
========================================================================
Received Prepare
Begin MonoManager ReloadAssembly
- Loaded All Assemblies, in  0.637 seconds
Refreshing native plugins compatible for Editor in 11.50 ms, found 3 plugins.
Native extension for UWP target not found
Native extension for LinuxStandalone target not found
Native extension for WindowsStandalone target not found
Native extension for Android target not found
Native extension for WebGL target not found
[Package Manager] Server::EnsureServerProcessIsRunning -- launch failed, reason: Unity was launched with the -noUpm command-line argument
[Package Manager] UpmClient::Send -- Unable to send message (not connected to UPM process).
[Package Manager] Cannot connect to Unity Package Manager local server
Mono: successfully reloaded assembly
- Finished resetting the current domain, in  2.362 seconds
Domain Reload Profiling: 2992ms
	BeginReloadAssembly (219ms)
		ExecutionOrderSort (0ms)
		DisableScriptedObjects (32ms)
		BackupInstance (0ms)
		ReleaseScriptingObjects (0ms)
		CreateAndSetChildDomain (65ms)
	RebuildCommonClasses (31ms)
	RebuildNativeTypeToScriptingClass (11ms)
	initialDomainReloadingComplete (36ms)
	LoadAllAssembliesAndSetupDomain (333ms)
		LoadAssemblies (385ms)
		RebuildTransferFunctionScriptingTraits (0ms)
		AnalyzeDomain (21ms)
			TypeCache.Refresh (7ms)
				TypeCache.ScanAssembly (0ms)
			ScanForSourceGeneratedMonoScriptInfo (0ms)
			ResolveRequiredComponents (12ms)
	FinalizeReload (2362ms)
		ReleaseScriptCaches (0ms)
		RebuildScriptCaches (0ms)
		SetupLoadedEditorAssemblies (1091ms)
			LogAssemblyErrors (0ms)
			InitializePlatformSupportModulesInManaged (29ms)
			SetLoadedEditorAssemblies (3ms)
			RefreshPlugins (0ms)
			BeforeProcessingInitializeOnLoad (89ms)
			ProcessInitializeOnLoadAttributes (592ms)
			ProcessInitializeOnLoadMethodAttributes (370ms)
			AfterProcessingInitializeOnLoad (7ms)
			EditorAssembliesLoaded (0ms)
		ExecutionOrderSort2 (0ms)
		AwakeInstancesAfterBackupRestoration (46ms)
Refreshing native plugins compatible for Editor in 10.48 ms, found 3 plugins.
Preloading 0 native plugins for Editor in 0.00 ms.
Unloading 6280 Unused Serialized files (Serialized files now loaded: 0)
Unloading 84 unused Assets / (3.6 MB). Loaded Objects now: 7447.
Memory consumption went from 294.6 MB to 291.0 MB.
Total: 16.260800 ms (FindLiveObjects: 0.524400 ms CreateObjectMapping: 0.479500 ms MarkObjects: 14.711600 ms  DeleteObjects: 0.544000 ms)

Prepare: number of updated asset objects reloaded= 0
AssetImportParameters requested are different than current active one (requested -> active):
  custom:container-demuxer-ogg: 62fdf1f143b41e24485cea50d1cbac27 -> 
  custom:scripting/monoscript/fileName/IntegrationMethods.cs: 9b3f18272f0d55c714bdc47473884527 -> 
  custom:framework-win-MediaFoundation: 216162199b28c13a410421893ffa2e32 -> 
  custom:container-muxer-webm: aa71ff27fc2769a1b78a27578f13a17b -> 
  custom:video-decoder-webm-vp8: 9c59270c3fd7afecdb556c50c9e8de78 -> 
  custom:SearchIndexIgnoredProperties: e643bd26f0fe6173181afceb89e7c659 -> 
  custom:AudioImporter_EditorPlatform: d09bf68614088b80899f8185d706f6e7 -> 
  custom:audio-decoder-ogg-vorbis: bf7c407c2cedff20999df2af8eb42d56 -> 
  custom:audio-encoder-webm-vorbis: bf7c407c2cedff20999df2af8eb42d56 -> 
  custom:scripting/monoscript/fileName/Ballistics.cs: 63f19c248b038517e4b8cc8256278fec -> 
  custom:video-codec-MediaFoundation-h265: 746d11721c4dcdbdad8f713fa42b33f4 -> 
  custom:video-decoder-ogg-theora: a1e56fd34408186e4bbccfd4996cb3dc -> 
  custom:CustomObjectIndexerAttribute: 6d391050e5a25f67b0a2c618074f2cd9 -> 
  custom:container-demuxer-webm: 4f35f7cbe854078d1ac9338744f61a02 -> 
  custom:video-encoder-webm-vp8: eb34c28f22e8b96e1ab97ce403110664 -> 
========================================================================
Received Import Request.
  Time since last request: 72.393025 seconds.
  path: Assets/Internal/Data/Projectile/AKS74U_ProjectileData.asset
  artifactKey: Guid(2de70f13bf76c8548a6f6ab8e3fdb947) Importer(815301076,1909f56bfc062723c751e8b465ee728b)
Start importing Assets/Internal/Data/Projectile/AKS74U_ProjectileData.asset using Guid(2de70f13bf76c8548a6f6ab8e3fdb947) Importer(815301076,1909f56bfc062723c751e8b465ee728b)  -> (artifact id: '10e7de06d7ad9c52dece478e14b3ea9c') in 0.016202 seconds
Number of updated asset objects reloaded before import = 0
Number of asset objects unloaded after import = 1
========================================================================
Received Import Request.
  Time since last request: 78.405163 seconds.
  path: Assets/Internal/Prefabs/Bullets/Bullet.prefab
  artifactKey: Guid(353af56144c21f74184f3f426e1424e1) Importer(815301076,1909f56bfc062723c751e8b465ee728b)
Start importing Assets/Internal/Prefabs/Bullets/Bullet.prefab using Guid(353af56144c21f74184f3f426e1424e1) Importer(815301076,1909f56bfc062723c751e8b465ee728b)  -> (artifact id: '5157114ab264f30419938bc85e9bcf74') in 0.727232 seconds
Number of updated asset objects reloaded before import = 0
Number of asset objects unloaded after import = 59
========================================================================
Received Import Request.
  Time since last request: 13.040626 seconds.
  path: Assets/Internal/Prefabs/Bullets/Bullet.prefab
  artifactKey: Guid(353af56144c21f74184f3f426e1424e1) Importer(815301076,1909f56bfc062723c751e8b465ee728b)
Start importing Assets/Internal/Prefabs/Bullets/Bullet.prefab using Guid(353af56144c21f74184f3f426e1424e1) Importer(815301076,1909f56bfc062723c751e8b465ee728b)  -> (artifact id: 'd6e20578bf51bf10c32eabe21b7ece76') in 0.019400 seconds
Number of updated asset objects reloaded before import = 0
Number of asset objects unloaded after import = 9
========================================================================
Received Import Request.
  Time since last request: 0.828906 seconds.
  path: Assets/Internal/Prefabs/Bullets/Bullet.prefab
  artifactKey: Guid(353af56144c21f74184f3f426e1424e1) Importer(815301076,1909f56bfc062723c751e8b465ee728b)
Start importing Assets/Internal/Prefabs/Bullets/Bullet.prefab using Guid(353af56144c21f74184f3f426e1424e1) Importer(815301076,1909f56bfc062723c751e8b465ee728b)  -> (artifact id: 'fa114c51a2a7deb17fa7898c38985f6f') in 0.012576 seconds
Number of updated asset objects reloaded before import = 0
Number of asset objects unloaded after import = 9
========================================================================
Received Import Request.
  Time since last request: 15.270020 seconds.
  path: Assets/Internal/Prefabs/Bullets/Bullet.prefab
  artifactKey: Guid(353af56144c21f74184f3f426e1424e1) Importer(815301076,1909f56bfc062723c751e8b465ee728b)
Start importing Assets/Internal/Prefabs/Bullets/Bullet.prefab using Guid(353af56144c21f74184f3f426e1424e1) Importer(815301076,1909f56bfc062723c751e8b465ee728b)  -> (artifact id: '2a909bae6a240c49317016a413cc002b') in 0.040802 seconds
Number of updated asset objects reloaded before import = 0
Number of asset objects unloaded after import = 14
========================================================================
Received Import Request.
  Time since last request: 4.632564 seconds.
  path: Assets/Internal/Materials/ProjectileTrail.mat
  artifactKey: Guid(d2d2dc34caba2f5498569044b01c71b7) Importer(815301076,1909f56bfc062723c751e8b465ee728b)
Start importing Assets/Internal/Materials/ProjectileTrail.mat using Guid(d2d2dc34caba2f5498569044b01c71b7) Importer(815301076,1909f56bfc062723c751e8b465ee728b)  -> (artifact id: '4d3dcee6e4ad0050eab4926af0afd32b') in 0.041253 seconds
Number of updated asset objects reloaded before import = 0
Number of asset objects unloaded after import = 1
========================================================================
Received Import Request.
  Time since last request: 52.490755 seconds.
  path: Assets/Internal/Prefabs/Bullets/Bullet.prefab
  artifactKey: Guid(353af56144c21f74184f3f426e1424e1) Importer(815301076,1909f56bfc062723c751e8b465ee728b)
Start importing Assets/Internal/Prefabs/Bullets/Bullet.prefab using Guid(353af56144c21f74184f3f426e1424e1) Importer(815301076,1909f56bfc062723c751e8b465ee728b)  -> (artifact id: '0f99cbf5a38970dcb383bfc1289a4933') in 0.019570 seconds
Number of updated asset objects reloaded before import = 0
Number of asset objects unloaded after import = 14
========================================================================
Received Import Request.
  Time since last request: 8.712627 seconds.
  path: Assets/Internal/Prefabs/Bullets/Projectile.prefab
  artifactKey: Guid(353af56144c21f74184f3f426e1424e1) Importer(815301076,1909f56bfc062723c751e8b465ee728b)
Start importing Assets/Internal/Prefabs/Bullets/Projectile.prefab using Guid(353af56144c21f74184f3f426e1424e1) Importer(815301076,1909f56bfc062723c751e8b465ee728b)  -> (artifact id: '77b4495359d7127cd513c69f509e7860') in 0.044897 seconds
Number of updated asset objects reloaded before import = 0
Number of asset objects unloaded after import = 14
========================================================================
Received Import Request.
  Time since last request: 6.280467 seconds.
  path: Assets/Internal/Volumes/GlobalVolume.asset
  artifactKey: Guid(771b211c536ab8f43a64c417e7d0c302) Importer(815301076,1909f56bfc062723c751e8b465ee728b)
Start importing Assets/Internal/Volumes/GlobalVolume.asset using Guid(771b211c536ab8f43a64c417e7d0c302) Importer(815301076,1909f56bfc062723c751e8b465ee728b)  -> (artifact id: '4b221962746fea46f8b368cc24a5be32') in 0.001680 seconds
Number of updated asset objects reloaded before import = 0
Number of asset objects unloaded after import = 3
========================================================================
Received Import Request.
  Time since last request: 102.009991 seconds.
  path: Assets/Internal/Prefabs/Bullets/Projectile.prefab
  artifactKey: Guid(353af56144c21f74184f3f426e1424e1) Importer(815301076,1909f56bfc062723c751e8b465ee728b)
Start importing Assets/Internal/Prefabs/Bullets/Projectile.prefab using Guid(353af56144c21f74184f3f426e1424e1) Importer(815301076,1909f56bfc062723c751e8b465ee728b)  -> (artifact id: 'f54a681373967188083551c79e234e9f') in 0.013981 seconds
Number of updated asset objects reloaded before import = 0
Number of asset objects unloaded after import = 14
========================================================================
Received Import Request.
  Time since last request: 85.785941 seconds.
  path: Assets/Internal/Materials/ProjectileTrail.mat
  artifactKey: Guid(d2d2dc34caba2f5498569044b01c71b7) Importer(815301076,1909f56bfc062723c751e8b465ee728b)
Start importing Assets/Internal/Materials/ProjectileTrail.mat using Guid(d2d2dc34caba2f5498569044b01c71b7) Importer(815301076,1909f56bfc062723c751e8b465ee728b)  -> (artifact id: '3f6788c5bc4aa1a7651b4bc4b85c0ae1') in 0.018747 seconds
Number of updated asset objects reloaded before import = 0
Number of asset objects unloaded after import = 1
========================================================================
Received Import Request.
  Time since last request: 6.939459 seconds.
  path: Assets/Internal/Prefabs/Bullets/Projectile.prefab
  artifactKey: Guid(353af56144c21f74184f3f426e1424e1) Importer(815301076,1909f56bfc062723c751e8b465ee728b)
Start importing Assets/Internal/Prefabs/Bullets/Projectile.prefab using Guid(353af56144c21f74184f3f426e1424e1) Importer(815301076,1909f56bfc062723c751e8b465ee728b)  -> (artifact id: '0139068df3012d909be1c9fe0bc7dccf') in 0.012735 seconds
Number of updated asset objects reloaded before import = 0
Number of asset objects unloaded after import = 14
========================================================================
Received Prepare
Begin MonoManager ReloadAssembly
- Loaded All Assemblies, in  0.634 seconds
Refreshing native plugins compatible for Editor in 10.89 ms, found 3 plugins.
Native extension for UWP target not found
Native extension for LinuxStandalone target not found
Native extension for WindowsStandalone target not found
Native extension for Android target not found
Native extension for WebGL target not found
[Package Manager] Server::EnsureServerProcessIsRunning -- launch failed, reason: Unity was launched with the -noUpm command-line argument
[Package Manager] UpmClient::Send -- Unable to send message (not connected to UPM process).
[Package Manager] Cannot connect to Unity Package Manager local server
Mono: successfully reloaded assembly
- Finished resetting the current domain, in  2.392 seconds
Domain Reload Profiling: 3019ms
	BeginReloadAssembly (214ms)
		ExecutionOrderSort (0ms)
		DisableScriptedObjects (31ms)
		BackupInstance (0ms)
		ReleaseScriptingObjects (0ms)
		CreateAndSetChildDomain (61ms)
	RebuildCommonClasses (31ms)
	RebuildNativeTypeToScriptingClass (11ms)
	initialDomainReloadingComplete (36ms)
	LoadAllAssembliesAndSetupDomain (334ms)
		LoadAssemblies (387ms)
		RebuildTransferFunctionScriptingTraits (0ms)
		AnalyzeDomain (21ms)
			TypeCache.Refresh (7ms)
				TypeCache.ScanAssembly (0ms)
			ScanForSourceGeneratedMonoScriptInfo (0ms)
			ResolveRequiredComponents (11ms)
	FinalizeReload (2392ms)
		ReleaseScriptCaches (0ms)
		RebuildScriptCaches (0ms)
		SetupLoadedEditorAssemblies (1131ms)
			LogAssemblyErrors (0ms)
			InitializePlatformSupportModulesInManaged (31ms)
			SetLoadedEditorAssemblies (3ms)
			RefreshPlugins (0ms)
			BeforeProcessingInitializeOnLoad (144ms)
			ProcessInitializeOnLoadAttributes (576ms)
			ProcessInitializeOnLoadMethodAttributes (369ms)
			AfterProcessingInitializeOnLoad (8ms)
			EditorAssembliesLoaded (0ms)
		ExecutionOrderSort2 (0ms)
		AwakeInstancesAfterBackupRestoration (47ms)
Refreshing native plugins compatible for Editor in 11.10 ms, found 3 plugins.
Preloading 0 native plugins for Editor in 0.00 ms.
Unloading 6280 Unused Serialized files (Serialized files now loaded: 0)
Unloading 84 unused Assets / (3.6 MB). Loaded Objects now: 7559.
Memory consumption went from 296.7 MB to 293.1 MB.
Total: 17.381700 ms (FindLiveObjects: 0.536400 ms CreateObjectMapping: 0.510400 ms MarkObjects: 15.822400 ms  DeleteObjects: 0.511100 ms)

Prepare: number of updated asset objects reloaded= 0
AssetImportParameters requested are different than current active one (requested -> active):
  custom:container-demuxer-ogg: 62fdf1f143b41e24485cea50d1cbac27 -> 
  custom:scripting/monoscript/fileName/IntegrationMethods.cs: 9b3f18272f0d55c714bdc47473884527 -> 
  custom:framework-win-MediaFoundation: 216162199b28c13a410421893ffa2e32 -> 
  custom:container-muxer-webm: aa71ff27fc2769a1b78a27578f13a17b -> 
  custom:video-decoder-webm-vp8: 9c59270c3fd7afecdb556c50c9e8de78 -> 
  custom:SearchIndexIgnoredProperties: e643bd26f0fe6173181afceb89e7c659 -> 
  custom:AudioImporter_EditorPlatform: d09bf68614088b80899f8185d706f6e7 -> 
  custom:audio-decoder-ogg-vorbis: bf7c407c2cedff20999df2af8eb42d56 -> 
  custom:audio-encoder-webm-vorbis: bf7c407c2cedff20999df2af8eb42d56 -> 
  custom:scripting/monoscript/fileName/Ballistics.cs: 63f19c248b038517e4b8cc8256278fec -> 
  custom:video-codec-MediaFoundation-h265: 746d11721c4dcdbdad8f713fa42b33f4 -> 
  custom:video-decoder-ogg-theora: a1e56fd34408186e4bbccfd4996cb3dc -> 
  custom:CustomObjectIndexerAttribute: 6d391050e5a25f67b0a2c618074f2cd9 -> 
  custom:container-demuxer-webm: 4f35f7cbe854078d1ac9338744f61a02 -> 
  custom:video-encoder-webm-vp8: eb34c28f22e8b96e1ab97ce403110664 -> 
========================================================================
Received Import Request.
  Time since last request: 40.358456 seconds.
  path: Assets/Internal/Prefabs/Bullets/Projectile.prefab
  artifactKey: Guid(353af56144c21f74184f3f426e1424e1) Importer(815301076,1909f56bfc062723c751e8b465ee728b)
Start importing Assets/Internal/Prefabs/Bullets/Projectile.prefab using Guid(353af56144c21f74184f3f426e1424e1) Importer(815301076,1909f56bfc062723c751e8b465ee728b)  -> (artifact id: 'fe5dd2daa37ed56af091b92642afe66b') in 0.731586 seconds
Number of updated asset objects reloaded before import = 0
Number of asset objects unloaded after import = 64
========================================================================
Received Import Request.
  Time since last request: 18.640314 seconds.
  path: Assets/Internal/Prefabs/Bullets/Projectile.prefab
  artifactKey: Guid(353af56144c21f74184f3f426e1424e1) Importer(815301076,1909f56bfc062723c751e8b465ee728b)
Start importing Assets/Internal/Prefabs/Bullets/Projectile.prefab using Guid(353af56144c21f74184f3f426e1424e1) Importer(815301076,1909f56bfc062723c751e8b465ee728b)  -> (artifact id: '59349b9473a25d47c6f5d477bf540552') in 0.014659 seconds
Number of updated asset objects reloaded before import = 0
Number of asset objects unloaded after import = 14
========================================================================
Received Prepare
Begin MonoManager ReloadAssembly
- Loaded All Assemblies, in  0.620 seconds
Refreshing native plugins compatible for Editor in 10.98 ms, found 3 plugins.
Native extension for UWP target not found
Native extension for LinuxStandalone target not found
Native extension for WindowsStandalone target not found
Native extension for Android target not found
Native extension for WebGL target not found
[Package Manager] Server::EnsureServerProcessIsRunning -- launch failed, reason: Unity was launched with the -noUpm command-line argument
[Package Manager] UpmClient::Send -- Unable to send message (not connected to UPM process).
[Package Manager] Cannot connect to Unity Package Manager local server
Mono: successfully reloaded assembly
- Finished resetting the current domain, in  2.330 seconds
Domain Reload Profiling: 2944ms
	BeginReloadAssembly (213ms)
		ExecutionOrderSort (0ms)
		DisableScriptedObjects (30ms)
		BackupInstance (0ms)
		ReleaseScriptingObjects (0ms)
		CreateAndSetChildDomain (62ms)
	RebuildCommonClasses (31ms)
	RebuildNativeTypeToScriptingClass (11ms)
	initialDomainReloadingComplete (34ms)
	LoadAllAssembliesAndSetupDomain (324ms)
		LoadAssemblies (376ms)
		RebuildTransferFunctionScriptingTraits (0ms)
		AnalyzeDomain (21ms)
			TypeCache.Refresh (7ms)
				TypeCache.ScanAssembly (0ms)
			ScanForSourceGeneratedMonoScriptInfo (0ms)
			ResolveRequiredComponents (11ms)
	FinalizeReload (2331ms)
		ReleaseScriptCaches (0ms)
		RebuildScriptCaches (0ms)
		SetupLoadedEditorAssemblies (1073ms)
			LogAssemblyErrors (0ms)
			InitializePlatformSupportModulesInManaged (30ms)
			SetLoadedEditorAssemblies (3ms)
			RefreshPlugins (0ms)
			BeforeProcessingInitializeOnLoad (89ms)
			ProcessInitializeOnLoadAttributes (575ms)
			ProcessInitializeOnLoadMethodAttributes (369ms)
			AfterProcessingInitializeOnLoad (7ms)
			EditorAssembliesLoaded (0ms)
		ExecutionOrderSort2 (0ms)
		AwakeInstancesAfterBackupRestoration (50ms)
Refreshing native plugins compatible for Editor in 10.70 ms, found 3 plugins.
Preloading 0 native plugins for Editor in 0.00 ms.
Unloading 6280 Unused Serialized files (Serialized files now loaded: 0)
Unloading 84 unused Assets / (3.6 MB). Loaded Objects now: 7670.
Memory consumption went from 298.7 MB to 295.2 MB.
Total: 17.412300 ms (FindLiveObjects: 0.537500 ms CreateObjectMapping: 0.554200 ms MarkObjects: 15.757000 ms  DeleteObjects: 0.561800 ms)

Prepare: number of updated asset objects reloaded= 0
AssetImportParameters requested are different than current active one (requested -> active):
  custom:container-demuxer-ogg: 62fdf1f143b41e24485cea50d1cbac27 -> 
  custom:scripting/monoscript/fileName/IntegrationMethods.cs: 9b3f18272f0d55c714bdc47473884527 -> 
  custom:framework-win-MediaFoundation: 216162199b28c13a410421893ffa2e32 -> 
  custom:container-muxer-webm: aa71ff27fc2769a1b78a27578f13a17b -> 
  custom:video-decoder-webm-vp8: 9c59270c3fd7afecdb556c50c9e8de78 -> 
  custom:SearchIndexIgnoredProperties: e643bd26f0fe6173181afceb89e7c659 -> 
  custom:AudioImporter_EditorPlatform: d09bf68614088b80899f8185d706f6e7 -> 
  custom:audio-decoder-ogg-vorbis: bf7c407c2cedff20999df2af8eb42d56 -> 
  custom:audio-encoder-webm-vorbis: bf7c407c2cedff20999df2af8eb42d56 -> 
  custom:scripting/monoscript/fileName/Ballistics.cs: 63f19c248b038517e4b8cc8256278fec -> 
  custom:video-codec-MediaFoundation-h265: 746d11721c4dcdbdad8f713fa42b33f4 -> 
  custom:video-decoder-ogg-theora: a1e56fd34408186e4bbccfd4996cb3dc -> 
  custom:CustomObjectIndexerAttribute: 6d391050e5a25f67b0a2c618074f2cd9 -> 
  custom:container-demuxer-webm: 4f35f7cbe854078d1ac9338744f61a02 -> 
  custom:video-encoder-webm-vp8: eb34c28f22e8b96e1ab97ce403110664 -> 
========================================================================
Received Import Request.
  Time since last request: 41.306596 seconds.
  path: Assets/Internal/Prefabs/Bullets/Projectile.prefab
  artifactKey: Guid(353af56144c21f74184f3f426e1424e1) Importer(815301076,1909f56bfc062723c751e8b465ee728b)
Start importing Assets/Internal/Prefabs/Bullets/Projectile.prefab using Guid(353af56144c21f74184f3f426e1424e1) Importer(815301076,1909f56bfc062723c751e8b465ee728b)  -> (artifact id: '2ded9d73987046b960c905f8d96cdcc9') in 0.732475 seconds
Number of updated asset objects reloaded before import = 0
Number of asset objects unloaded after import = 64
========================================================================
Received Import Request.
  Time since last request: 3.772393 seconds.
  path: Assets/Internal/Prefabs/Bullets/Projectile.prefab
  artifactKey: Guid(353af56144c21f74184f3f426e1424e1) Importer(815301076,1909f56bfc062723c751e8b465ee728b)
Start importing Assets/Internal/Prefabs/Bullets/Projectile.prefab using Guid(353af56144c21f74184f3f426e1424e1) Importer(815301076,1909f56bfc062723c751e8b465ee728b)  -> (artifact id: '43a127556522fb24a544a0c5bd6c7ee4') in 0.024899 seconds
Number of updated asset objects reloaded before import = 0
Number of asset objects unloaded after import = 14
========================================================================
Received Prepare
Begin MonoManager ReloadAssembly
- Loaded All Assemblies, in  0.638 seconds
Refreshing native plugins compatible for Editor in 10.65 ms, found 3 plugins.
Native extension for UWP target not found
Native extension for LinuxStandalone target not found
Native extension for WindowsStandalone target not found
Native extension for Android target not found
Native extension for WebGL target not found
[Package Manager] Server::EnsureServerProcessIsRunning -- launch failed, reason: Unity was launched with the -noUpm command-line argument
[Package Manager] UpmClient::Send -- Unable to send message (not connected to UPM process).
[Package Manager] Cannot connect to Unity Package Manager local server
Mono: successfully reloaded assembly
- Finished resetting the current domain, in  2.383 seconds
Domain Reload Profiling: 3015ms
	BeginReloadAssembly (217ms)
		ExecutionOrderSort (0ms)
		DisableScriptedObjects (33ms)
		BackupInstance (0ms)
		ReleaseScriptingObjects (0ms)
		CreateAndSetChildDomain (63ms)
	RebuildCommonClasses (32ms)
	RebuildNativeTypeToScriptingClass (11ms)
	initialDomainReloadingComplete (36ms)
	LoadAllAssembliesAndSetupDomain (335ms)
		LoadAssemblies (387ms)
		RebuildTransferFunctionScriptingTraits (0ms)
		AnalyzeDomain (23ms)
			TypeCache.Refresh (8ms)
				TypeCache.ScanAssembly (0ms)
			ScanForSourceGeneratedMonoScriptInfo (0ms)
			ResolveRequiredComponents (11ms)
	FinalizeReload (2384ms)
		ReleaseScriptCaches (0ms)
		RebuildScriptCaches (0ms)
		SetupLoadedEditorAssemblies (1073ms)
			LogAssemblyErrors (0ms)
			InitializePlatformSupportModulesInManaged (28ms)
			SetLoadedEditorAssemblies (3ms)
			RefreshPlugins (0ms)
			BeforeProcessingInitializeOnLoad (90ms)
			ProcessInitializeOnLoadAttributes (578ms)
			ProcessInitializeOnLoadMethodAttributes (367ms)
			AfterProcessingInitializeOnLoad (7ms)
			EditorAssembliesLoaded (0ms)
		ExecutionOrderSort2 (0ms)
		AwakeInstancesAfterBackupRestoration (55ms)
Refreshing native plugins compatible for Editor in 11.08 ms, found 3 plugins.
Preloading 0 native plugins for Editor in 0.00 ms.
Unloading 6280 Unused Serialized files (Serialized files now loaded: 0)
Unloading 84 unused Assets / (3.6 MB). Loaded Objects now: 7781.
Memory consumption went from 300.8 MB to 297.2 MB.
Total: 22.089000 ms (FindLiveObjects: 0.510400 ms CreateObjectMapping: 0.510400 ms MarkObjects: 20.530000 ms  DeleteObjects: 0.537100 ms)

Prepare: number of updated asset objects reloaded= 0
AssetImportParameters requested are different than current active one (requested -> active):
  custom:container-demuxer-ogg: 62fdf1f143b41e24485cea50d1cbac27 -> 
  custom:scripting/monoscript/fileName/IntegrationMethods.cs: 9b3f18272f0d55c714bdc47473884527 -> 
  custom:framework-win-MediaFoundation: 216162199b28c13a410421893ffa2e32 -> 
  custom:container-muxer-webm: aa71ff27fc2769a1b78a27578f13a17b -> 
  custom:video-decoder-webm-vp8: 9c59270c3fd7afecdb556c50c9e8de78 -> 
  custom:SearchIndexIgnoredProperties: e643bd26f0fe6173181afceb89e7c659 -> 
  custom:AudioImporter_EditorPlatform: d09bf68614088b80899f8185d706f6e7 -> 
  custom:audio-decoder-ogg-vorbis: bf7c407c2cedff20999df2af8eb42d56 -> 
  custom:audio-encoder-webm-vorbis: bf7c407c2cedff20999df2af8eb42d56 -> 
  custom:scripting/monoscript/fileName/Ballistics.cs: 63f19c248b038517e4b8cc8256278fec -> 
  custom:video-codec-MediaFoundation-h265: 746d11721c4dcdbdad8f713fa42b33f4 -> 
  custom:video-decoder-ogg-theora: a1e56fd34408186e4bbccfd4996cb3dc -> 
  custom:CustomObjectIndexerAttribute: 6d391050e5a25f67b0a2c618074f2cd9 -> 
  custom:container-demuxer-webm: 4f35f7cbe854078d1ac9338744f61a02 -> 
  custom:video-encoder-webm-vp8: eb34c28f22e8b96e1ab97ce403110664 -> 
========================================================================
Received Import Request.
  Time since last request: 81.480540 seconds.
  path: Assets/Internal/Prefabs/Bullets/Projectile.prefab
  artifactKey: Guid(353af56144c21f74184f3f426e1424e1) Importer(815301076,1909f56bfc062723c751e8b465ee728b)
Start importing Assets/Internal/Prefabs/Bullets/Projectile.prefab using Guid(353af56144c21f74184f3f426e1424e1) Importer(815301076,1909f56bfc062723c751e8b465ee728b)  -> (artifact id: '7e0bf0fa5583f124a4848cc32e77df4a') in 0.824158 seconds
Number of updated asset objects reloaded before import = 0
Number of asset objects unloaded after import = 64
========================================================================
Received Prepare
Begin MonoManager ReloadAssembly
- Loaded All Assemblies, in  0.626 seconds
Refreshing native plugins compatible for Editor in 10.73 ms, found 3 plugins.
Native extension for UWP target not found
Native extension for LinuxStandalone target not found
Native extension for WindowsStandalone target not found
Native extension for Android target not found
Native extension for WebGL target not found
[Package Manager] Server::EnsureServerProcessIsRunning -- launch failed, reason: Unity was launched with the -noUpm command-line argument
[Package Manager] UpmClient::Send -- Unable to send message (not connected to UPM process).
[Package Manager] Cannot connect to Unity Package Manager local server
Mono: successfully reloaded assembly
- Finished resetting the current domain, in  2.317 seconds
Domain Reload Profiling: 2936ms
	BeginReloadAssembly (211ms)
		ExecutionOrderSort (0ms)
		DisableScriptedObjects (32ms)
		BackupInstance (0ms)
		ReleaseScriptingObjects (0ms)
		CreateAndSetChildDomain (60ms)
	RebuildCommonClasses (31ms)
	RebuildNativeTypeToScriptingClass (11ms)
	initialDomainReloadingComplete (35ms)
	LoadAllAssembliesAndSetupDomain (331ms)
		LoadAssemblies (381ms)
		RebuildTransferFunctionScriptingTraits (0ms)
		AnalyzeDomain (21ms)
			TypeCache.Refresh (7ms)
				TypeCache.ScanAssembly (0ms)
			ScanForSourceGeneratedMonoScriptInfo (0ms)
			ResolveRequiredComponents (12ms)
	FinalizeReload (2317ms)
		ReleaseScriptCaches (0ms)
		RebuildScriptCaches (0ms)
		SetupLoadedEditorAssemblies (1054ms)
			LogAssemblyErrors (0ms)
			InitializePlatformSupportModulesInManaged (29ms)
			SetLoadedEditorAssemblies (3ms)
			RefreshPlugins (0ms)
			BeforeProcessingInitializeOnLoad (87ms)
			ProcessInitializeOnLoadAttributes (574ms)
			ProcessInitializeOnLoadMethodAttributes (354ms)
			AfterProcessingInitializeOnLoad (7ms)
			EditorAssembliesLoaded (0ms)
		ExecutionOrderSort2 (0ms)
		AwakeInstancesAfterBackupRestoration (49ms)
Refreshing native plugins compatible for Editor in 10.81 ms, found 3 plugins.
Preloading 0 native plugins for Editor in 0.00 ms.
Unloading 6280 Unused Serialized files (Serialized files now loaded: 0)
Unloading 84 unused Assets / (3.6 MB). Loaded Objects now: 7892.
Memory consumption went from 302.9 MB to 299.3 MB.
Total: 16.354200 ms (FindLiveObjects: 0.517700 ms CreateObjectMapping: 0.488500 ms MarkObjects: 14.838500 ms  DeleteObjects: 0.508200 ms)

Prepare: number of updated asset objects reloaded= 0
AssetImportParameters requested are different than current active one (requested -> active):
  custom:container-demuxer-ogg: 62fdf1f143b41e24485cea50d1cbac27 -> 
  custom:scripting/monoscript/fileName/IntegrationMethods.cs: 9b3f18272f0d55c714bdc47473884527 -> 
  custom:framework-win-MediaFoundation: 216162199b28c13a410421893ffa2e32 -> 
  custom:container-muxer-webm: aa71ff27fc2769a1b78a27578f13a17b -> 
  custom:video-decoder-webm-vp8: 9c59270c3fd7afecdb556c50c9e8de78 -> 
  custom:SearchIndexIgnoredProperties: e643bd26f0fe6173181afceb89e7c659 -> 
  custom:AudioImporter_EditorPlatform: d09bf68614088b80899f8185d706f6e7 -> 
  custom:audio-decoder-ogg-vorbis: bf7c407c2cedff20999df2af8eb42d56 -> 
  custom:audio-encoder-webm-vorbis: bf7c407c2cedff20999df2af8eb42d56 -> 
  custom:scripting/monoscript/fileName/Ballistics.cs: 63f19c248b038517e4b8cc8256278fec -> 
  custom:video-codec-MediaFoundation-h265: 746d11721c4dcdbdad8f713fa42b33f4 -> 
  custom:video-decoder-ogg-theora: a1e56fd34408186e4bbccfd4996cb3dc -> 
  custom:CustomObjectIndexerAttribute: 6d391050e5a25f67b0a2c618074f2cd9 -> 
  custom:container-demuxer-webm: 4f35f7cbe854078d1ac9338744f61a02 -> 
  custom:video-encoder-webm-vp8: eb34c28f22e8b96e1ab97ce403110664 -> 
========================================================================
Received Prepare
Begin MonoManager ReloadAssembly
- Loaded All Assemblies, in  0.650 seconds
Refreshing native plugins compatible for Editor in 11.27 ms, found 3 plugins.
Native extension for UWP target not found
Native extension for LinuxStandalone target not found
Native extension for WindowsStandalone target not found
Native extension for Android target not found
Native extension for WebGL target not found
[Package Manager] Server::EnsureServerProcessIsRunning -- launch failed, reason: Unity was launched with the -noUpm command-line argument
[Package Manager] UpmClient::Send -- Unable to send message (not connected to UPM process).
[Package Manager] Cannot connect to Unity Package Manager local server
Mono: successfully reloaded assembly
- Finished resetting the current domain, in  2.494 seconds
Domain Reload Profiling: 3138ms
	BeginReloadAssembly (179ms)
		ExecutionOrderSort (0ms)
		DisableScriptedObjects (5ms)
		BackupInstance (0ms)
		ReleaseScriptingObjects (0ms)
		CreateAndSetChildDomain (48ms)
	RebuildCommonClasses (32ms)
	RebuildNativeTypeToScriptingClass (11ms)
	initialDomainReloadingComplete (36ms)
	LoadAllAssembliesAndSetupDomain (385ms)
		LoadAssemblies (395ms)
		RebuildTransferFunctionScriptingTraits (0ms)
		AnalyzeDomain (67ms)
			TypeCache.Refresh (11ms)
				TypeCache.ScanAssembly (0ms)
			ScanForSourceGeneratedMonoScriptInfo (42ms)
			ResolveRequiredComponents (11ms)
	FinalizeReload (2495ms)
		ReleaseScriptCaches (0ms)
		RebuildScriptCaches (0ms)
		SetupLoadedEditorAssemblies (1207ms)
			LogAssemblyErrors (0ms)
			InitializePlatformSupportModulesInManaged (29ms)
			SetLoadedEditorAssemblies (4ms)
			RefreshPlugins (0ms)
			BeforeProcessingInitializeOnLoad (87ms)
			ProcessInitializeOnLoadAttributes (664ms)
			ProcessInitializeOnLoadMethodAttributes (415ms)
			AfterProcessingInitializeOnLoad (8ms)
			EditorAssembliesLoaded (1ms)
		ExecutionOrderSort2 (0ms)
		AwakeInstancesAfterBackupRestoration (60ms)
Refreshing native plugins compatible for Editor in 11.30 ms, found 3 plugins.
Preloading 0 native plugins for Editor in 0.00 ms.
Unloading 6280 Unused Serialized files (Serialized files now loaded: 0)
Unloading 84 unused Assets / (3.6 MB). Loaded Objects now: 7895.
Memory consumption went from 304.6 MB to 301.0 MB.
Total: 17.062400 ms (FindLiveObjects: 0.552400 ms CreateObjectMapping: 0.573300 ms MarkObjects: 15.398600 ms  DeleteObjects: 0.536700 ms)

Prepare: number of updated asset objects reloaded= 0
AssetImportParameters requested are different than current active one (requested -> active):
  custom:container-demuxer-ogg: 62fdf1f143b41e24485cea50d1cbac27 -> 
  custom:scripting/monoscript/fileName/IntegrationMethods.cs: 9b3f18272f0d55c714bdc47473884527 -> 
  custom:framework-win-MediaFoundation: 216162199b28c13a410421893ffa2e32 -> 
  custom:container-muxer-webm: aa71ff27fc2769a1b78a27578f13a17b -> 
  custom:video-decoder-webm-vp8: 9c59270c3fd7afecdb556c50c9e8de78 -> 
  custom:SearchIndexIgnoredProperties: e643bd26f0fe6173181afceb89e7c659 -> 
  custom:AudioImporter_EditorPlatform: d09bf68614088b80899f8185d706f6e7 -> 
  custom:audio-decoder-ogg-vorbis: bf7c407c2cedff20999df2af8eb42d56 -> 
  custom:audio-encoder-webm-vorbis: bf7c407c2cedff20999df2af8eb42d56 -> 
  custom:scripting/monoscript/fileName/Ballistics.cs: 63f19c248b038517e4b8cc8256278fec -> 
  custom:video-codec-MediaFoundation-h265: 746d11721c4dcdbdad8f713fa42b33f4 -> 
  custom:video-decoder-ogg-theora: a1e56fd34408186e4bbccfd4996cb3dc -> 
  custom:CustomObjectIndexerAttribute: 6d391050e5a25f67b0a2c618074f2cd9 -> 
  custom:container-demuxer-webm: 4f35f7cbe854078d1ac9338744f61a02 -> 
  custom:video-encoder-webm-vp8: eb34c28f22e8b96e1ab97ce403110664 -> 
========================================================================
Received Prepare
Begin MonoManager ReloadAssembly
- Loaded All Assemblies, in  0.630 seconds
Refreshing native plugins compatible for Editor in 10.95 ms, found 3 plugins.
Native extension for UWP target not found
Native extension for LinuxStandalone target not found
Native extension for WindowsStandalone target not found
Native extension for Android target not found
Native extension for WebGL target not found
[Package Manager] Server::EnsureServerProcessIsRunning -- launch failed, reason: Unity was launched with the -noUpm command-line argument
[Package Manager] UpmClient::Send -- Unable to send message (not connected to UPM process).
[Package Manager] Cannot connect to Unity Package Manager local server
Mono: successfully reloaded assembly
- Finished resetting the current domain, in  2.390 seconds
Domain Reload Profiling: 3014ms
	BeginReloadAssembly (170ms)
		ExecutionOrderSort (0ms)
		DisableScriptedObjects (5ms)
		BackupInstance (0ms)
		ReleaseScriptingObjects (0ms)
		CreateAndSetChildDomain (47ms)
	RebuildCommonClasses (32ms)
	RebuildNativeTypeToScriptingClass (11ms)
	initialDomainReloadingComplete (36ms)
	LoadAllAssembliesAndSetupDomain (374ms)
		LoadAssemblies (377ms)
		RebuildTransferFunctionScriptingTraits (0ms)
		AnalyzeDomain (67ms)
			TypeCache.Refresh (11ms)
				TypeCache.ScanAssembly (0ms)
			ScanForSourceGeneratedMonoScriptInfo (42ms)
			ResolveRequiredComponents (11ms)
	FinalizeReload (2391ms)
		ReleaseScriptCaches (0ms)
		RebuildScriptCaches (0ms)
		SetupLoadedEditorAssemblies (1121ms)
			LogAssemblyErrors (0ms)
			InitializePlatformSupportModulesInManaged (29ms)
			SetLoadedEditorAssemblies (3ms)
			RefreshPlugins (0ms)
			BeforeProcessingInitializeOnLoad (88ms)
			ProcessInitializeOnLoadAttributes (592ms)
			ProcessInitializeOnLoadMethodAttributes (401ms)
			AfterProcessingInitializeOnLoad (8ms)
			EditorAssembliesLoaded (1ms)
		ExecutionOrderSort2 (0ms)
		AwakeInstancesAfterBackupRestoration (64ms)
Refreshing native plugins compatible for Editor in 10.80 ms, found 3 plugins.
Preloading 0 native plugins for Editor in 0.00 ms.
Unloading 6280 Unused Serialized files (Serialized files now loaded: 0)
Unloading 84 unused Assets / (3.6 MB). Loaded Objects now: 7898.
Memory consumption went from 306.5 MB to 302.9 MB.
Total: 16.669800 ms (FindLiveObjects: 0.565200 ms CreateObjectMapping: 0.528700 ms MarkObjects: 15.071700 ms  DeleteObjects: 0.503100 ms)

Prepare: number of updated asset objects reloaded= 0
AssetImportParameters requested are different than current active one (requested -> active):
  custom:container-demuxer-ogg: 62fdf1f143b41e24485cea50d1cbac27 -> 
  custom:scripting/monoscript/fileName/IntegrationMethods.cs: 9b3f18272f0d55c714bdc47473884527 -> 
  custom:framework-win-MediaFoundation: 216162199b28c13a410421893ffa2e32 -> 
  custom:container-muxer-webm: aa71ff27fc2769a1b78a27578f13a17b -> 
  custom:video-decoder-webm-vp8: 9c59270c3fd7afecdb556c50c9e8de78 -> 
  custom:SearchIndexIgnoredProperties: e643bd26f0fe6173181afceb89e7c659 -> 
  custom:AudioImporter_EditorPlatform: d09bf68614088b80899f8185d706f6e7 -> 
  custom:audio-decoder-ogg-vorbis: bf7c407c2cedff20999df2af8eb42d56 -> 
  custom:audio-encoder-webm-vorbis: bf7c407c2cedff20999df2af8eb42d56 -> 
  custom:scripting/monoscript/fileName/Ballistics.cs: 63f19c248b038517e4b8cc8256278fec -> 
  custom:video-codec-MediaFoundation-h265: 746d11721c4dcdbdad8f713fa42b33f4 -> 
  custom:video-decoder-ogg-theora: a1e56fd34408186e4bbccfd4996cb3dc -> 
  custom:CustomObjectIndexerAttribute: 6d391050e5a25f67b0a2c618074f2cd9 -> 
  custom:container-demuxer-webm: 4f35f7cbe854078d1ac9338744f61a02 -> 
  custom:video-encoder-webm-vp8: eb34c28f22e8b96e1ab97ce403110664 -> 
========================================================================
Received Prepare
Begin MonoManager ReloadAssembly
- Loaded All Assemblies, in  0.589 seconds
Refreshing native plugins compatible for Editor in 10.72 ms, found 3 plugins.
Native extension for UWP target not found
Native extension for LinuxStandalone target not found
Native extension for WindowsStandalone target not found
Native extension for Android target not found
Native extension for WebGL target not found
[Package Manager] Server::EnsureServerProcessIsRunning -- launch failed, reason: Unity was launched with the -noUpm command-line argument
[Package Manager] UpmClient::Send -- Unable to send message (not connected to UPM process).
[Package Manager] Cannot connect to Unity Package Manager local server
Mono: successfully reloaded assembly
- Finished resetting the current domain, in  2.336 seconds
Domain Reload Profiling: 2918ms
	BeginReloadAssembly (177ms)
		ExecutionOrderSort (0ms)
		DisableScriptedObjects (6ms)
		BackupInstance (0ms)
		ReleaseScriptingObjects (0ms)
		CreateAndSetChildDomain (49ms)
	RebuildCommonClasses (32ms)
	RebuildNativeTypeToScriptingClass (12ms)
	initialDomainReloadingComplete (36ms)
	LoadAllAssembliesAndSetupDomain (325ms)
		LoadAssemblies (378ms)
		RebuildTransferFunctionScriptingTraits (0ms)
		AnalyzeDomain (20ms)
			TypeCache.Refresh (7ms)
				TypeCache.ScanAssembly (0ms)
			ScanForSourceGeneratedMonoScriptInfo (0ms)
			ResolveRequiredComponents (11ms)
	FinalizeReload (2336ms)
		ReleaseScriptCaches (0ms)
		RebuildScriptCaches (0ms)
		SetupLoadedEditorAssemblies (1077ms)
			LogAssemblyErrors (0ms)
			InitializePlatformSupportModulesInManaged (30ms)
			SetLoadedEditorAssemblies (3ms)
			RefreshPlugins (0ms)
			BeforeProcessingInitializeOnLoad (88ms)
			ProcessInitializeOnLoadAttributes (586ms)
			ProcessInitializeOnLoadMethodAttributes (362ms)
			AfterProcessingInitializeOnLoad (7ms)
			EditorAssembliesLoaded (0ms)
		ExecutionOrderSort2 (0ms)
		AwakeInstancesAfterBackupRestoration (48ms)
Refreshing native plugins compatible for Editor in 11.22 ms, found 3 plugins.
Preloading 0 native plugins for Editor in 0.00 ms.
Unloading 6280 Unused Serialized files (Serialized files now loaded: 0)
Unloading 84 unused Assets / (3.6 MB). Loaded Objects now: 7901.
Memory consumption went from 308.4 MB to 304.9 MB.
Total: 17.599300 ms (FindLiveObjects: 0.617500 ms CreateObjectMapping: 0.529500 ms MarkObjects: 15.918700 ms  DeleteObjects: 0.532900 ms)

Prepare: number of updated asset objects reloaded= 0
AssetImportParameters requested are different than current active one (requested -> active):
  custom:container-demuxer-ogg: 62fdf1f143b41e24485cea50d1cbac27 -> 
  custom:scripting/monoscript/fileName/IntegrationMethods.cs: 9b3f18272f0d55c714bdc47473884527 -> 
  custom:framework-win-MediaFoundation: 216162199b28c13a410421893ffa2e32 -> 
  custom:container-muxer-webm: aa71ff27fc2769a1b78a27578f13a17b -> 
  custom:video-decoder-webm-vp8: 9c59270c3fd7afecdb556c50c9e8de78 -> 
  custom:SearchIndexIgnoredProperties: e643bd26f0fe6173181afceb89e7c659 -> 
  custom:AudioImporter_EditorPlatform: d09bf68614088b80899f8185d706f6e7 -> 
  custom:audio-decoder-ogg-vorbis: bf7c407c2cedff20999df2af8eb42d56 -> 
  custom:audio-encoder-webm-vorbis: bf7c407c2cedff20999df2af8eb42d56 -> 
  custom:scripting/monoscript/fileName/Ballistics.cs: 63f19c248b038517e4b8cc8256278fec -> 
  custom:video-codec-MediaFoundation-h265: 746d11721c4dcdbdad8f713fa42b33f4 -> 
  custom:video-decoder-ogg-theora: a1e56fd34408186e4bbccfd4996cb3dc -> 
  custom:CustomObjectIndexerAttribute: 6d391050e5a25f67b0a2c618074f2cd9 -> 
  custom:container-demuxer-webm: 4f35f7cbe854078d1ac9338744f61a02 -> 
  custom:video-encoder-webm-vp8: eb34c28f22e8b96e1ab97ce403110664 -> 
========================================================================
Received Import Request.
  Time since last request: 178.565808 seconds.
  path: Assets/Internal/Prefabs/Bullets/Projectile.prefab
  artifactKey: Guid(353af56144c21f74184f3f426e1424e1) Importer(815301076,1909f56bfc062723c751e8b465ee728b)
Start importing Assets/Internal/Prefabs/Bullets/Projectile.prefab using Guid(353af56144c21f74184f3f426e1424e1) Importer(815301076,1909f56bfc062723c751e8b465ee728b)  -> (artifact id: '0086e362f736ef1eb99e29c5b0e210f0') in 0.803388 seconds
Number of updated asset objects reloaded before import = 0
Number of asset objects unloaded after import = 64
========================================================================
Received Prepare
Begin MonoManager ReloadAssembly
- Loaded All Assemblies, in  0.625 seconds
Refreshing native plugins compatible for Editor in 10.64 ms, found 3 plugins.
Native extension for UWP target not found
Native extension for LinuxStandalone target not found
Native extension for WindowsStandalone target not found
Native extension for Android target not found
Native extension for WebGL target not found
[Package Manager] Server::EnsureServerProcessIsRunning -- launch failed, reason: Unity was launched with the -noUpm command-line argument
[Package Manager] UpmClient::Send -- Unable to send message (not connected to UPM process).
[Package Manager] Cannot connect to Unity Package Manager local server
Mono: successfully reloaded assembly
- Finished resetting the current domain, in  2.398 seconds
Domain Reload Profiling: 3016ms
	BeginReloadAssembly (209ms)
		ExecutionOrderSort (0ms)
		DisableScriptedObjects (31ms)
		BackupInstance (0ms)
		ReleaseScriptingObjects (0ms)
		CreateAndSetChildDomain (59ms)
	RebuildCommonClasses (32ms)
	RebuildNativeTypeToScriptingClass (11ms)
	initialDomainReloadingComplete (38ms)
	LoadAllAssembliesAndSetupDomain (326ms)
		LoadAssemblies (377ms)
		RebuildTransferFunctionScriptingTraits (0ms)
		AnalyzeDomain (21ms)
			TypeCache.Refresh (7ms)
				TypeCache.ScanAssembly (0ms)
			ScanForSourceGeneratedMonoScriptInfo (0ms)
			ResolveRequiredComponents (11ms)
	FinalizeReload (2399ms)
		ReleaseScriptCaches (0ms)
		RebuildScriptCaches (0ms)
		SetupLoadedEditorAssemblies (1099ms)
			LogAssemblyErrors (0ms)
			InitializePlatformSupportModulesInManaged (32ms)
			SetLoadedEditorAssemblies (3ms)
			RefreshPlugins (0ms)
			BeforeProcessingInitializeOnLoad (92ms)
			ProcessInitializeOnLoadAttributes (600ms)
			ProcessInitializeOnLoadMethodAttributes (363ms)
			AfterProcessingInitializeOnLoad (7ms)
			EditorAssembliesLoaded (0ms)
		ExecutionOrderSort2 (0ms)
		AwakeInstancesAfterBackupRestoration (52ms)
Refreshing native plugins compatible for Editor in 10.85 ms, found 3 plugins.
Preloading 0 native plugins for Editor in 0.00 ms.
Unloading 6280 Unused Serialized files (Serialized files now loaded: 0)
Unloading 84 unused Assets / (3.6 MB). Loaded Objects now: 8012.
Memory consumption went from 310.8 MB to 307.2 MB.
Total: 16.565800 ms (FindLiveObjects: 0.548600 ms CreateObjectMapping: 0.496000 ms MarkObjects: 15.001900 ms  DeleteObjects: 0.518200 ms)

Prepare: number of updated asset objects reloaded= 0
AssetImportParameters requested are different than current active one (requested -> active):
  custom:container-demuxer-ogg: 62fdf1f143b41e24485cea50d1cbac27 -> 
  custom:scripting/monoscript/fileName/IntegrationMethods.cs: 9b3f18272f0d55c714bdc47473884527 -> 
  custom:framework-win-MediaFoundation: 216162199b28c13a410421893ffa2e32 -> 
  custom:container-muxer-webm: aa71ff27fc2769a1b78a27578f13a17b -> 
  custom:video-decoder-webm-vp8: 9c59270c3fd7afecdb556c50c9e8de78 -> 
  custom:SearchIndexIgnoredProperties: e643bd26f0fe6173181afceb89e7c659 -> 
  custom:AudioImporter_EditorPlatform: d09bf68614088b80899f8185d706f6e7 -> 
  custom:audio-decoder-ogg-vorbis: bf7c407c2cedff20999df2af8eb42d56 -> 
  custom:audio-encoder-webm-vorbis: bf7c407c2cedff20999df2af8eb42d56 -> 
  custom:scripting/monoscript/fileName/Ballistics.cs: 63f19c248b038517e4b8cc8256278fec -> 
  custom:video-codec-MediaFoundation-h265: 746d11721c4dcdbdad8f713fa42b33f4 -> 
  custom:video-decoder-ogg-theora: a1e56fd34408186e4bbccfd4996cb3dc -> 
  custom:CustomObjectIndexerAttribute: 6d391050e5a25f67b0a2c618074f2cd9 -> 
  custom:container-demuxer-webm: 4f35f7cbe854078d1ac9338744f61a02 -> 
  custom:video-encoder-webm-vp8: eb34c28f22e8b96e1ab97ce403110664 -> 
========================================================================
Received Import Request.
  Time since last request: 35.437820 seconds.
  path: Assets/Internal/Prefabs/Bullets/Projectile.prefab
  artifactKey: Guid(353af56144c21f74184f3f426e1424e1) Importer(815301076,1909f56bfc062723c751e8b465ee728b)
Start importing Assets/Internal/Prefabs/Bullets/Projectile.prefab using Guid(353af56144c21f74184f3f426e1424e1) Importer(815301076,1909f56bfc062723c751e8b465ee728b)  -> (artifact id: '06d25d537a329f082c8329f57dbcf951') in 0.792045 seconds
Number of updated asset objects reloaded before import = 0
Number of asset objects unloaded after import = 64
========================================================================
Received Prepare
Begin MonoManager ReloadAssembly
- Loaded All Assemblies, in  0.617 seconds
Refreshing native plugins compatible for Editor in 11.94 ms, found 3 plugins.
Native extension for UWP target not found
Native extension for LinuxStandalone target not found
Native extension for WindowsStandalone target not found
Native extension for Android target not found
Native extension for WebGL target not found
[Package Manager] Server::EnsureServerProcessIsRunning -- launch failed, reason: Unity was launched with the -noUpm command-line argument
[Package Manager] UpmClient::Send -- Unable to send message (not connected to UPM process).
[Package Manager] Cannot connect to Unity Package Manager local server
Mono: successfully reloaded assembly
- Finished resetting the current domain, in  2.357 seconds
Domain Reload Profiling: 2967ms
	BeginReloadAssembly (209ms)
		ExecutionOrderSort (0ms)
		DisableScriptedObjects (33ms)
		BackupInstance (0ms)
		ReleaseScriptingObjects (0ms)
		CreateAndSetChildDomain (58ms)
	RebuildCommonClasses (32ms)
	RebuildNativeTypeToScriptingClass (11ms)
	initialDomainReloadingComplete (35ms)
	LoadAllAssembliesAndSetupDomain (323ms)
		LoadAssemblies (372ms)
		RebuildTransferFunctionScriptingTraits (0ms)
		AnalyzeDomain (21ms)
			TypeCache.Refresh (7ms)
				TypeCache.ScanAssembly (0ms)
			ScanForSourceGeneratedMonoScriptInfo (0ms)
			ResolveRequiredComponents (11ms)
	FinalizeReload (2357ms)
		ReleaseScriptCaches (0ms)
		RebuildScriptCaches (0ms)
		SetupLoadedEditorAssemblies (1087ms)
			LogAssemblyErrors (0ms)
			InitializePlatformSupportModulesInManaged (32ms)
			SetLoadedEditorAssemblies (3ms)
			RefreshPlugins (0ms)
			BeforeProcessingInitializeOnLoad (95ms)
			ProcessInitializeOnLoadAttributes (590ms)
			ProcessInitializeOnLoadMethodAttributes (360ms)
			AfterProcessingInitializeOnLoad (7ms)
			EditorAssembliesLoaded (0ms)
		ExecutionOrderSort2 (0ms)
		AwakeInstancesAfterBackupRestoration (52ms)
Refreshing native plugins compatible for Editor in 10.84 ms, found 3 plugins.
Preloading 0 native plugins for Editor in 0.00 ms.
Unloading 6280 Unused Serialized files (Serialized files now loaded: 0)
Unloading 84 unused Assets / (3.6 MB). Loaded Objects now: 8123.
Memory consumption went from 312.8 MB to 309.3 MB.
Total: 16.438200 ms (FindLiveObjects: 0.559100 ms CreateObjectMapping: 0.517100 ms MarkObjects: 14.844700 ms  DeleteObjects: 0.516200 ms)

Prepare: number of updated asset objects reloaded= 0
AssetImportParameters requested are different than current active one (requested -> active):
  custom:container-demuxer-ogg: 62fdf1f143b41e24485cea50d1cbac27 -> 
  custom:scripting/monoscript/fileName/IntegrationMethods.cs: 9b3f18272f0d55c714bdc47473884527 -> 
  custom:framework-win-MediaFoundation: 216162199b28c13a410421893ffa2e32 -> 
  custom:container-muxer-webm: aa71ff27fc2769a1b78a27578f13a17b -> 
  custom:video-decoder-webm-vp8: 9c59270c3fd7afecdb556c50c9e8de78 -> 
  custom:SearchIndexIgnoredProperties: e643bd26f0fe6173181afceb89e7c659 -> 
  custom:AudioImporter_EditorPlatform: d09bf68614088b80899f8185d706f6e7 -> 
  custom:audio-decoder-ogg-vorbis: bf7c407c2cedff20999df2af8eb42d56 -> 
  custom:audio-encoder-webm-vorbis: bf7c407c2cedff20999df2af8eb42d56 -> 
  custom:scripting/monoscript/fileName/Ballistics.cs: 63f19c248b038517e4b8cc8256278fec -> 
  custom:video-codec-MediaFoundation-h265: 746d11721c4dcdbdad8f713fa42b33f4 -> 
  custom:video-decoder-ogg-theora: a1e56fd34408186e4bbccfd4996cb3dc -> 
  custom:CustomObjectIndexerAttribute: 6d391050e5a25f67b0a2c618074f2cd9 -> 
  custom:container-demuxer-webm: 4f35f7cbe854078d1ac9338744f61a02 -> 
  custom:video-encoder-webm-vp8: eb34c28f22e8b96e1ab97ce403110664 -> 
========================================================================
Received Import Request.
  Time since last request: 68.895391 seconds.
  path: Assets/Internal/Prefabs/Bullets/Projectile.prefab
  artifactKey: Guid(353af56144c21f74184f3f426e1424e1) Importer(815301076,1909f56bfc062723c751e8b465ee728b)
Start importing Assets/Internal/Prefabs/Bullets/Projectile.prefab using Guid(353af56144c21f74184f3f426e1424e1) Importer(815301076,1909f56bfc062723c751e8b465ee728b)  -> (artifact id: 'df9ec64051ac2ac4d08b99271323a3c1') in 0.799187 seconds
Number of updated asset objects reloaded before import = 0
Number of asset objects unloaded after import = 64
========================================================================
Received Prepare
Begin MonoManager ReloadAssembly
- Loaded All Assemblies, in  0.639 seconds
Refreshing native plugins compatible for Editor in 10.64 ms, found 3 plugins.
Native extension for UWP target not found
Native extension for LinuxStandalone target not found
Native extension for WindowsStandalone target not found
Native extension for Android target not found
Native extension for WebGL target not found
[Package Manager] Server::EnsureServerProcessIsRunning -- launch failed, reason: Unity was launched with the -noUpm command-line argument
[Package Manager] UpmClient::Send -- Unable to send message (not connected to UPM process).
[Package Manager] Cannot connect to Unity Package Manager local server
Mono: successfully reloaded assembly
- Finished resetting the current domain, in  2.347 seconds
Domain Reload Profiling: 2980ms
	BeginReloadAssembly (217ms)
		ExecutionOrderSort (0ms)
		DisableScriptedObjects (31ms)
		BackupInstance (0ms)
		ReleaseScriptingObjects (0ms)
		CreateAndSetChildDomain (63ms)
	RebuildCommonClasses (31ms)
	RebuildNativeTypeToScriptingClass (11ms)
	initialDomainReloadingComplete (35ms)
	LoadAllAssembliesAndSetupDomain (339ms)
		LoadAssemblies (392ms)
		RebuildTransferFunctionScriptingTraits (0ms)
		AnalyzeDomain (21ms)
			TypeCache.Refresh (7ms)
				TypeCache.ScanAssembly (0ms)
			ScanForSourceGeneratedMonoScriptInfo (0ms)
			ResolveRequiredComponents (11ms)
	FinalizeReload (2348ms)
		ReleaseScriptCaches (0ms)
		RebuildScriptCaches (0ms)
		SetupLoadedEditorAssemblies (1088ms)
			LogAssemblyErrors (0ms)
			InitializePlatformSupportModulesInManaged (29ms)
			SetLoadedEditorAssemblies (3ms)
			RefreshPlugins (0ms)
			BeforeProcessingInitializeOnLoad (95ms)
			ProcessInitializeOnLoadAttributes (590ms)
			ProcessInitializeOnLoadMethodAttributes (364ms)
			AfterProcessingInitializeOnLoad (7ms)
			EditorAssembliesLoaded (0ms)
		ExecutionOrderSort2 (0ms)
		AwakeInstancesAfterBackupRestoration (53ms)
Refreshing native plugins compatible for Editor in 10.62 ms, found 3 plugins.
Preloading 0 native plugins for Editor in 0.00 ms.
Unloading 6280 Unused Serialized files (Serialized files now loaded: 0)
Unloading 84 unused Assets / (3.6 MB). Loaded Objects now: 8234.
Memory consumption went from 314.9 MB to 311.3 MB.
Total: 16.591700 ms (FindLiveObjects: 0.624700 ms CreateObjectMapping: 0.554800 ms MarkObjects: 14.899600 ms  DeleteObjects: 0.511500 ms)

Prepare: number of updated asset objects reloaded= 0
AssetImportParameters requested are different than current active one (requested -> active):
  custom:container-demuxer-ogg: 62fdf1f143b41e24485cea50d1cbac27 -> 
  custom:scripting/monoscript/fileName/IntegrationMethods.cs: 9b3f18272f0d55c714bdc47473884527 -> 
  custom:framework-win-MediaFoundation: 216162199b28c13a410421893ffa2e32 -> 
  custom:container-muxer-webm: aa71ff27fc2769a1b78a27578f13a17b -> 
  custom:video-decoder-webm-vp8: 9c59270c3fd7afecdb556c50c9e8de78 -> 
  custom:SearchIndexIgnoredProperties: e643bd26f0fe6173181afceb89e7c659 -> 
  custom:AudioImporter_EditorPlatform: d09bf68614088b80899f8185d706f6e7 -> 
  custom:audio-decoder-ogg-vorbis: bf7c407c2cedff20999df2af8eb42d56 -> 
  custom:audio-encoder-webm-vorbis: bf7c407c2cedff20999df2af8eb42d56 -> 
  custom:scripting/monoscript/fileName/Ballistics.cs: 63f19c248b038517e4b8cc8256278fec -> 
  custom:video-codec-MediaFoundation-h265: 746d11721c4dcdbdad8f713fa42b33f4 -> 
  custom:video-decoder-ogg-theora: a1e56fd34408186e4bbccfd4996cb3dc -> 
  custom:CustomObjectIndexerAttribute: 6d391050e5a25f67b0a2c618074f2cd9 -> 
  custom:container-demuxer-webm: 4f35f7cbe854078d1ac9338744f61a02 -> 
  custom:video-encoder-webm-vp8: eb34c28f22e8b96e1ab97ce403110664 -> 
