Using pre-set license
Built from '2022.3/release' branch; Version is '2022.3.18f1 (d29bea25151d) revision 13802474'; Using compiler version '192829333'; Build Type 'Release'
OS: 'Windows 11  (10.0.22631) 64bit Professional' Language: 'de' Physical Memory: 16319 MB
BatchMode: 1, IsHumanControllingUs: 0, StartBugReporterOnCrash: 0, Is64bit: 1, IsPro: 1

COMMAND LINE ARGUMENTS:
C:\Program Files\Unity\Editor\2022.3.18f1\Editor\Unity.exe
-adb2
-batchMode
-noUpm
-name
AssetImportWorker2
-projectPath
E:/GitHub/YAFPSController/YAFPSController
-logFile
Logs/AssetImportWorker2.log
-srvPort
56067
Successfully changed project path to: E:/GitHub/YAFPSController/YAFPSController
E:/GitHub/YAFPSController/YAFPSController
[UnityMemory] Configuration Parameters - Can be set up in boot.config
    "memorysetup-bucket-allocator-granularity=16"
    "memorysetup-bucket-allocator-bucket-count=8"
    "memorysetup-bucket-allocator-block-size=33554432"
    "memorysetup-bucket-allocator-block-count=8"
    "memorysetup-main-allocator-block-size=16777216"
    "memorysetup-thread-allocator-block-size=16777216"
    "memorysetup-gfx-main-allocator-block-size=16777216"
    "memorysetup-gfx-thread-allocator-block-size=16777216"
    "memorysetup-cache-allocator-block-size=4194304"
    "memorysetup-typetree-allocator-block-size=2097152"
    "memorysetup-profiler-bucket-allocator-granularity=16"
    "memorysetup-profiler-bucket-allocator-bucket-count=8"
    "memorysetup-profiler-bucket-allocator-block-size=33554432"
    "memorysetup-profiler-bucket-allocator-block-count=8"
    "memorysetup-profiler-allocator-block-size=16777216"
    "memorysetup-profiler-editor-allocator-block-size=1048576"
    "memorysetup-temp-allocator-size-main=16777216"
    "memorysetup-job-temp-allocator-block-size=2097152"
    "memorysetup-job-temp-allocator-block-size-background=1048576"
    "memorysetup-job-temp-allocator-reduction-small-platforms=262144"
    "memorysetup-allocator-temp-initial-block-size-main=262144"
    "memorysetup-allocator-temp-initial-block-size-worker=262144"
    "memorysetup-temp-allocator-size-background-worker=32768"
    "memorysetup-temp-allocator-size-job-worker=262144"
    "memorysetup-temp-allocator-size-preload-manager=33554432"
    "memorysetup-temp-allocator-size-nav-mesh-worker=65536"
    "memorysetup-temp-allocator-size-audio-worker=65536"
    "memorysetup-temp-allocator-size-cloud-worker=32768"
    "memorysetup-temp-allocator-size-gi-baking-worker=262144"
    "memorysetup-temp-allocator-size-gfx=262144"
Player connection [28436] Host "[IP] 192.168.178.41 [Port] 0 [Flags] 2 [Guid] 1631244272 [EditorId] 1631244272 [Version] 1048832 [Id] WindowsEditor(7,DESKTOP-B6VI2KC) [Debug] 1 [PackageName] WindowsEditor [ProjectName] Editor" joined multi-casting on [225.0.0.222:54997]...

Player connection [28436] Host "[IP] 192.168.178.41 [Port] 0 [Flags] 2 [Guid] 1631244272 [EditorId] 1631244272 [Version] 1048832 [Id] WindowsEditor(7,DESKTOP-B6VI2KC) [Debug] 1 [PackageName] WindowsEditor [ProjectName] Editor" joined alternative multi-casting on [225.0.0.222:34997]...

[Physics::Module] Initialized MultithreadedJobDispatcher with 5 workers.
Refreshing native plugins compatible for Editor in 70.28 ms, found 3 plugins.
Preloading 0 native plugins for Editor in 0.00 ms.
Initialize engine version: 2022.3.18f1 (d29bea25151d)
[Subsystems] Discovering subsystems at path C:/Program Files/Unity/Editor/2022.3.18f1/Editor/Data/Resources/UnitySubsystems
[Subsystems] Discovering subsystems at path E:/GitHub/YAFPSController/YAFPSController/Assets
GfxDevice: creating device client; threaded=0; jobified=0
Direct3D:
    Version:  Direct3D 11.0 [level 11.1]
    Renderer: NVIDIA GeForce RTX 3080 (ID=0x2216)
    Vendor:   NVIDIA
    VRAM:     10053 MB
    Driver:   31.0.15.5176
Initialize mono
Mono path[0] = 'C:/Program Files/Unity/Editor/2022.3.18f1/Editor/Data/Managed'
Mono path[1] = 'C:/Program Files/Unity/Editor/2022.3.18f1/Editor/Data/MonoBleedingEdge/lib/mono/unityjit-win32'
Mono config path = 'C:/Program Files/Unity/Editor/2022.3.18f1/Editor/Data/MonoBleedingEdge/etc'
Using monoOptions --debugger-agent=transport=dt_socket,embedding=1,server=y,suspend=n,address=127.0.0.1:56688
Begin MonoManager ReloadAssembly
Registering precompiled unity dll's ...
Register platform support module: C:/Program Files/Unity/Editor/2022.3.18f1/Editor/Data/PlaybackEngines/WebGLSupport/UnityEditor.WebGL.Extensions.dll
Register platform support module: C:/Program Files/Unity/Editor/2022.3.18f1/Editor/Data/PlaybackEngines/AndroidPlayer/UnityEditor.Android.Extensions.dll
Register platform support module: C:/Program Files/Unity/Editor/2022.3.18f1/Editor/Data/PlaybackEngines/WindowsStandaloneSupport/UnityEditor.WindowsStandalone.Extensions.dll
Register platform support module: C:/Program Files/Unity/Editor/2022.3.18f1/Editor/Data/PlaybackEngines/LinuxStandaloneSupport/UnityEditor.LinuxStandalone.Extensions.dll
Register platform support module: C:/Program Files/Unity/Editor/2022.3.18f1/Editor/Data/PlaybackEngines/MetroSupport/UnityEditor.UWP.Extensions.dll
Registered in 0.012097 seconds.
- Loaded All Assemblies, in  0.790 seconds
Native extension for UWP target not found
Native extension for LinuxStandalone target not found
Native extension for WindowsStandalone target not found
Native extension for Android target not found
Android Extension - Scanning For ADB Devices 203 ms
Native extension for WebGL target not found
Mono: successfully reloaded assembly
- Finished resetting the current domain, in  0.524 seconds
Domain Reload Profiling: 1312ms
	BeginReloadAssembly (116ms)
		ExecutionOrderSort (0ms)
		DisableScriptedObjects (0ms)
		BackupInstance (0ms)
		ReleaseScriptingObjects (0ms)
		CreateAndSetChildDomain (1ms)
	RebuildCommonClasses (178ms)
	RebuildNativeTypeToScriptingClass (10ms)
	initialDomainReloadingComplete (61ms)
	LoadAllAssembliesAndSetupDomain (423ms)
		LoadAssemblies (116ms)
		RebuildTransferFunctionScriptingTraits (0ms)
		AnalyzeDomain (420ms)
			TypeCache.Refresh (418ms)
				TypeCache.ScanAssembly (406ms)
			ScanForSourceGeneratedMonoScriptInfo (0ms)
			ResolveRequiredComponents (0ms)
	FinalizeReload (524ms)
		ReleaseScriptCaches (0ms)
		RebuildScriptCaches (0ms)
		SetupLoadedEditorAssemblies (472ms)
			LogAssemblyErrors (0ms)
			InitializePlatformSupportModulesInManaged (318ms)
			SetLoadedEditorAssemblies (4ms)
			RefreshPlugins (0ms)
			BeforeProcessingInitializeOnLoad (2ms)
			ProcessInitializeOnLoadAttributes (101ms)
			ProcessInitializeOnLoadMethodAttributes (46ms)
			AfterProcessingInitializeOnLoad (0ms)
			EditorAssembliesLoaded (0ms)
		ExecutionOrderSort2 (0ms)
		AwakeInstancesAfterBackupRestoration (0ms)
========================================================================
Worker process is ready to serve import requests
Begin MonoManager ReloadAssembly
- Loaded All Assemblies, in  0.821 seconds
Refreshing native plugins compatible for Editor in 3.52 ms, found 3 plugins.
Native extension for UWP target not found
Native extension for LinuxStandalone target not found
Native extension for WindowsStandalone target not found
Native extension for Android target not found
Native extension for WebGL target not found
Package Manager log level set to [2]
[Package Manager] Server::EnsureServerProcessIsRunning -- launch failed, reason: Unity was launched with the -noUpm command-line argument
[Package Manager] UpmClient::Send -- Unable to send message (not connected to UPM process).
[Package Manager] Cannot connect to Unity Package Manager local server
Mono: successfully reloaded assembly
- Finished resetting the current domain, in  1.914 seconds
Domain Reload Profiling: 2733ms
	BeginReloadAssembly (135ms)
		ExecutionOrderSort (0ms)
		DisableScriptedObjects (5ms)
		BackupInstance (0ms)
		ReleaseScriptingObjects (0ms)
		CreateAndSetChildDomain (21ms)
	RebuildCommonClasses (37ms)
	RebuildNativeTypeToScriptingClass (11ms)
	initialDomainReloadingComplete (43ms)
	LoadAllAssembliesAndSetupDomain (592ms)
		LoadAssemblies (314ms)
		RebuildTransferFunctionScriptingTraits (0ms)
		AnalyzeDomain (357ms)
			TypeCache.Refresh (319ms)
				TypeCache.ScanAssembly (301ms)
			ScanForSourceGeneratedMonoScriptInfo (26ms)
			ResolveRequiredComponents (10ms)
	FinalizeReload (1914ms)
		ReleaseScriptCaches (0ms)
		RebuildScriptCaches (0ms)
		SetupLoadedEditorAssemblies (1698ms)
			LogAssemblyErrors (0ms)
			InitializePlatformSupportModulesInManaged (33ms)
			SetLoadedEditorAssemblies (3ms)
			RefreshPlugins (0ms)
			BeforeProcessingInitializeOnLoad (78ms)
			ProcessInitializeOnLoadAttributes (562ms)
			ProcessInitializeOnLoadMethodAttributes (1015ms)
			AfterProcessingInitializeOnLoad (7ms)
			EditorAssembliesLoaded (0ms)
		ExecutionOrderSort2 (0ms)
		AwakeInstancesAfterBackupRestoration (5ms)
Launched and connected shader compiler UnityShaderCompiler.exe after 0.06 seconds
Refreshing native plugins compatible for Editor in 3.11 ms, found 3 plugins.
Preloading 0 native plugins for Editor in 0.00 ms.
Unloading 6627 Unused Serialized files (Serialized files now loaded: 0)
Unloading 106 unused Assets / (3.6 MB). Loaded Objects now: 7098.
Memory consumption went from 304.7 MB to 301.1 MB.
Total: 4.084600 ms (FindLiveObjects: 0.414800 ms CreateObjectMapping: 0.433100 ms MarkObjects: 2.705300 ms  DeleteObjects: 0.530500 ms)

AssetImportParameters requested are different than current active one (requested -> active):
  custom:scripting/monoscript/fileName/PositionPreviewer.cs: f5e89315b7dd0fd1721d2efda9b0bb3b -> 973c971ad8634361ae6b0bf60096b746
  custom:container-demuxer-ogg: 62fdf1f143b41e24485cea50d1cbac27 -> 
  custom:framework-win-MediaFoundation: 216162199b28c13a410421893ffa2e32 -> 
  custom:scripting/monoscript/fileName/CallbacksRedirector.cs: 53f15a271dfcb83835024134e2ef1c0d -> 366b8bfb1e5b31061b1f8b8c228b4969
  custom:scripting/monoscript/fileName/PlayerController.cs: 0aec31476f55370a5ff7e930ca2cc1f8 -> 35fea1dfd941426596ad0f070833c712
  custom:scripting/monoscript/fileName/Player_Inspector.cs: 46dfdf4be1458cd09f89a42eca0683d1 -> 
  custom:scripting/monoscript/fileName/QuaternionUtil.cs: d1ff4e9fffe9b2524c0f0d1e702f0a38 -> d33880fd0cfa9479a6dee02d93937b6e
  custom:scripting/monoscript/fileName/ProjectilePool.cs: 5a8b7382be94e03c222afe44eaec8367 -> 3176366f6d92604054e8021eb8929ac8
  custom:container-muxer-webm: aa71ff27fc2769a1b78a27578f13a17b -> 
  custom:video-decoder-webm-vp8: 9c59270c3fd7afecdb556c50c9e8de78 -> 
  custom:scripting/monoscript/fileName/ItemData.cs: b8f05b556ef06ba02d0f1b95c159a2f0 -> 1b4ee171ea329a3b8c45ba9c0f8d848f
  custom:SearchIndexIgnoredProperties: e643bd26f0fe6173181afceb89e7c659 -> 
  custom:AudioImporter_EditorPlatform: d09bf68614088b80899f8185d706f6e7 -> 
  custom:scripting/monoscript/fileName/RequiredAttribute.cs: f4c5a9d83edf5f7a258c4ed00b26f03d -> cb1dd9ba3b7ade1b8b988c3992487acc
  custom:audio-decoder-ogg-vorbis: bf7c407c2cedff20999df2af8eb42d56 -> 
  custom:scripting/monoscript/fileName/Item.cs: aa1d27623597d875fb2fd82f73821453 -> 7bde3b1f1a739711a690cca5a607b678
  custom:scripting/monoscript/fileName/WeaponData.cs: d32674dace5182e33c40d54c6b2cd7e9 -> 06f4102c9c039affa2d4f7ee88bde160
  custom:scripting/monoscript/fileName/BallisticMethods.cs: e78082f42c4037b33428bd4a474cc20b -> 1fae31425de50316fb7ed8f82754c85f
  custom:audio-encoder-webm-vorbis: bf7c407c2cedff20999df2af8eb42d56 -> 
  custom:scripting/monoscript/fileName/InventoryController.cs: 8f54963daddf1bc577765b41fa5a5b11 -> 8322ed622adc316a0e1780953832d2f6
  custom:scripting/monoscript/fileName/PlayerController_Inspector.cs: e11937125d9f59d849e08b7e8f47f523 -> bded040cfaa3aefe61a946278beeb111
  custom:video-codec-MediaFoundation-h265: 746d11721c4dcdbdad8f713fa42b33f4 -> 
  custom:scripting/monoscript/fileName/WeaponController.cs: eff195c7250a2f0381f416043148b56e -> b24a142813562abdf90c619f99201081
  custom:scripting/monoscript/fileName/MathematicsDrawers.cs: f55ff2195245c57ad8dd4ae275cfa5b5 -> 
  custom:video-decoder-ogg-theora: a1e56fd34408186e4bbccfd4996cb3dc -> 
  custom:scripting/monoscript/fileName/WindManager.cs: 277738f437e4ed2be5fbea91bac66f45 -> cba51479f35e7bfbfccfabacddaf093c
  custom:scripting/monoscript/fileName/Utils.cs: 738399b889b9c1ef2a46bc8b708e4f36 -> 065485c1404def0eac633ace74af67da
  custom:CustomObjectIndexerAttribute: 6d391050e5a25f67b0a2c618074f2cd9 -> 
  custom:container-demuxer-webm: 4f35f7cbe854078d1ac9338744f61a02 -> 
  custom:scripting/monoscript/fileName/ProjectileController.cs: ca3073885f6c90ffb9cf3d7f5a257f02 -> c42e94e8ce150302e05ce34b5caf34c5
  custom:scripting/monoscript/fileName/RequiredPropertyDrawer.cs: df55a1f60369373e5f65b899d1b2920f -> 51961cad30f041e0fd8635c70c2dc474
  custom:scripting/monoscript/fileName/ProjectileData.cs: 78cf153c0e901184e913b64700924582 -> df2689abdba961d9dcd844f6531b60c1
  custom:video-encoder-webm-vp8: eb34c28f22e8b96e1ab97ce403110664 -> 
========================================================================
Received Import Request.
  Time since last request: 189043.296562 seconds.
  path: Assets/Internal/Data/Weapons/Weapon_AK-109_Data.asset
  artifactKey: Guid(d23e182c99a17974ca268aedeae37ee2) Importer(815301076,1909f56bfc062723c751e8b465ee728b)
Start importing Assets/Internal/Data/Weapons/Weapon_AK-109_Data.asset using Guid(d23e182c99a17974ca268aedeae37ee2) Importer(815301076,1909f56bfc062723c751e8b465ee728b)  -> (artifact id: '0d485f0f583bd1d8a10b2a9d52be0165') in 0.032315 seconds
Number of updated asset objects reloaded before import = 0
Number of asset objects unloaded after import = 12
========================================================================
Received Import Request.
  Time since last request: 13.582934 seconds.
  path: Assets/Internal/Scripts/FramerateCapper.cs
  artifactKey: Guid(bc60873d84987044abb1cba09f1b404a) Importer(815301076,1909f56bfc062723c751e8b465ee728b)
Start importing Assets/Internal/Scripts/FramerateCapper.cs using Guid(bc60873d84987044abb1cba09f1b404a) Importer(815301076,1909f56bfc062723c751e8b465ee728b)  -> (artifact id: 'cf6f4b79832c02b92a8b1ec66cb641c9') in 0.000449 seconds
Number of updated asset objects reloaded before import = 0
Number of asset objects unloaded after import = 0
========================================================================
Received Prepare
Begin MonoManager ReloadAssembly
- Loaded All Assemblies, in  0.477 seconds
Refreshing native plugins compatible for Editor in 3.22 ms, found 3 plugins.
Native extension for UWP target not found
Native extension for LinuxStandalone target not found
Native extension for WindowsStandalone target not found
Native extension for Android target not found
Native extension for WebGL target not found
[Package Manager] Server::EnsureServerProcessIsRunning -- launch failed, reason: Unity was launched with the -noUpm command-line argument
[Package Manager] UpmClient::Send -- Unable to send message (not connected to UPM process).
[Package Manager] Cannot connect to Unity Package Manager local server
Mono: successfully reloaded assembly
- Finished resetting the current domain, in  1.503 seconds
Domain Reload Profiling: 1978ms
	BeginReloadAssembly (154ms)
		ExecutionOrderSort (0ms)
		DisableScriptedObjects (4ms)
		BackupInstance (0ms)
		ReleaseScriptingObjects (0ms)
		CreateAndSetChildDomain (40ms)
	RebuildCommonClasses (31ms)
	RebuildNativeTypeToScriptingClass (11ms)
	initialDomainReloadingComplete (27ms)
	LoadAllAssembliesAndSetupDomain (251ms)
		LoadAssemblies (263ms)
		RebuildTransferFunctionScriptingTraits (0ms)
		AnalyzeDomain (61ms)
			TypeCache.Refresh (10ms)
				TypeCache.ScanAssembly (0ms)
			ScanForSourceGeneratedMonoScriptInfo (39ms)
			ResolveRequiredComponents (11ms)
	FinalizeReload (1503ms)
		ReleaseScriptCaches (0ms)
		RebuildScriptCaches (0ms)
		SetupLoadedEditorAssemblies (590ms)
			LogAssemblyErrors (0ms)
			InitializePlatformSupportModulesInManaged (28ms)
			SetLoadedEditorAssemblies (3ms)
			RefreshPlugins (0ms)
			BeforeProcessingInitializeOnLoad (71ms)
			ProcessInitializeOnLoadAttributes (456ms)
			ProcessInitializeOnLoadMethodAttributes (25ms)
			AfterProcessingInitializeOnLoad (7ms)
			EditorAssembliesLoaded (0ms)
		ExecutionOrderSort2 (0ms)
		AwakeInstancesAfterBackupRestoration (63ms)
Refreshing native plugins compatible for Editor in 3.32 ms, found 3 plugins.
Preloading 0 native plugins for Editor in 0.00 ms.
Unloading 6292 Unused Serialized files (Serialized files now loaded: 0)
Unloading 73 unused Assets / (3.6 MB). Loaded Objects now: 7111.
Memory consumption went from 264.8 MB to 261.3 MB.
Total: 4.092200 ms (FindLiveObjects: 0.427800 ms CreateObjectMapping: 0.411600 ms MarkObjects: 2.791900 ms  DeleteObjects: 0.460000 ms)

Prepare: number of updated asset objects reloaded= 0
AssetImportParameters requested are different than current active one (requested -> active):
  custom:scripting/monoscript/fileName/PositionPreviewer.cs: f5e89315b7dd0fd1721d2efda9b0bb3b -> 973c971ad8634361ae6b0bf60096b746
  custom:container-demuxer-ogg: 62fdf1f143b41e24485cea50d1cbac27 -> 
  custom:framework-win-MediaFoundation: 216162199b28c13a410421893ffa2e32 -> 
  custom:scripting/monoscript/fileName/CallbacksRedirector.cs: 53f15a271dfcb83835024134e2ef1c0d -> 366b8bfb1e5b31061b1f8b8c228b4969
  custom:scripting/monoscript/fileName/PlayerController.cs: 0aec31476f55370a5ff7e930ca2cc1f8 -> 35fea1dfd941426596ad0f070833c712
  custom:scripting/monoscript/fileName/Player_Inspector.cs: 46dfdf4be1458cd09f89a42eca0683d1 -> 
  custom:scripting/monoscript/fileName/QuaternionUtil.cs: d1ff4e9fffe9b2524c0f0d1e702f0a38 -> d33880fd0cfa9479a6dee02d93937b6e
  custom:scripting/monoscript/fileName/ProjectilePool.cs: 5a8b7382be94e03c222afe44eaec8367 -> 3176366f6d92604054e8021eb8929ac8
  custom:container-muxer-webm: aa71ff27fc2769a1b78a27578f13a17b -> 
  custom:video-decoder-webm-vp8: 9c59270c3fd7afecdb556c50c9e8de78 -> 
  custom:scripting/monoscript/fileName/ItemData.cs: b8f05b556ef06ba02d0f1b95c159a2f0 -> 1b4ee171ea329a3b8c45ba9c0f8d848f
  custom:SearchIndexIgnoredProperties: e643bd26f0fe6173181afceb89e7c659 -> 
  custom:AudioImporter_EditorPlatform: d09bf68614088b80899f8185d706f6e7 -> 
  custom:scripting/monoscript/fileName/RequiredAttribute.cs: f4c5a9d83edf5f7a258c4ed00b26f03d -> cb1dd9ba3b7ade1b8b988c3992487acc
  custom:audio-decoder-ogg-vorbis: bf7c407c2cedff20999df2af8eb42d56 -> 
  custom:scripting/monoscript/fileName/Item.cs: aa1d27623597d875fb2fd82f73821453 -> 7bde3b1f1a739711a690cca5a607b678
  custom:scripting/monoscript/fileName/WeaponData.cs: d32674dace5182e33c40d54c6b2cd7e9 -> 06f4102c9c039affa2d4f7ee88bde160
  custom:scripting/monoscript/fileName/BallisticMethods.cs: e78082f42c4037b33428bd4a474cc20b -> 1fae31425de50316fb7ed8f82754c85f
  custom:audio-encoder-webm-vorbis: bf7c407c2cedff20999df2af8eb42d56 -> 
  custom:scripting/monoscript/fileName/InventoryController.cs: 8f54963daddf1bc577765b41fa5a5b11 -> 8322ed622adc316a0e1780953832d2f6
  custom:scripting/monoscript/fileName/PlayerController_Inspector.cs: e11937125d9f59d849e08b7e8f47f523 -> bded040cfaa3aefe61a946278beeb111
  custom:video-codec-MediaFoundation-h265: 746d11721c4dcdbdad8f713fa42b33f4 -> 
  custom:scripting/monoscript/fileName/WeaponController.cs: eff195c7250a2f0381f416043148b56e -> b24a142813562abdf90c619f99201081
  custom:scripting/monoscript/fileName/MathematicsDrawers.cs: f55ff2195245c57ad8dd4ae275cfa5b5 -> 
  custom:video-decoder-ogg-theora: a1e56fd34408186e4bbccfd4996cb3dc -> 
  custom:scripting/monoscript/fileName/WindManager.cs: 277738f437e4ed2be5fbea91bac66f45 -> cba51479f35e7bfbfccfabacddaf093c
  custom:scripting/monoscript/fileName/Utils.cs: 738399b889b9c1ef2a46bc8b708e4f36 -> 065485c1404def0eac633ace74af67da
  custom:CustomObjectIndexerAttribute: 6d391050e5a25f67b0a2c618074f2cd9 -> 
  custom:container-demuxer-webm: 4f35f7cbe854078d1ac9338744f61a02 -> 
  custom:scripting/monoscript/fileName/ProjectileController.cs: ca3073885f6c90ffb9cf3d7f5a257f02 -> c42e94e8ce150302e05ce34b5caf34c5
  custom:scripting/monoscript/fileName/RequiredPropertyDrawer.cs: df55a1f60369373e5f65b899d1b2920f -> 51961cad30f041e0fd8635c70c2dc474
  custom:scripting/monoscript/fileName/ProjectileData.cs: 78cf153c0e901184e913b64700924582 -> df2689abdba961d9dcd844f6531b60c1
  custom:video-encoder-webm-vp8: eb34c28f22e8b96e1ab97ce403110664 -> 
========================================================================
Received Import Request.
  Time since last request: 38.147075 seconds.
  path: Assets/Internal/Scripts/FramerateCapper.cs
  artifactKey: Guid(bc60873d84987044abb1cba09f1b404a) Importer(815301076,1909f56bfc062723c751e8b465ee728b)
Start importing Assets/Internal/Scripts/FramerateCapper.cs using Guid(bc60873d84987044abb1cba09f1b404a) Importer(815301076,1909f56bfc062723c751e8b465ee728b)  -> (artifact id: 'd88e74d2b6a2c20a8c74867ae9b27a60') in 0.006010 seconds
Number of updated asset objects reloaded before import = 0
Number of asset objects unloaded after import = 0
========================================================================
Received Import Request.
  Time since last request: 38.382137 seconds.
  path: Assets/Internal/Scripts/FramerateCapper.cs
  artifactKey: Guid(bc60873d84987044abb1cba09f1b404a) Importer(815301076,1909f56bfc062723c751e8b465ee728b)
Start importing Assets/Internal/Scripts/FramerateCapper.cs using Guid(bc60873d84987044abb1cba09f1b404a) Importer(815301076,1909f56bfc062723c751e8b465ee728b)  -> (artifact id: '1c9496c57dde149e3b54fff8ec8c5d94') in 0.000402 seconds
Number of updated asset objects reloaded before import = 0
Number of asset objects unloaded after import = 0
========================================================================
Received Prepare
Begin MonoManager ReloadAssembly
- Loaded All Assemblies, in  0.480 seconds
Refreshing native plugins compatible for Editor in 3.37 ms, found 3 plugins.
Native extension for UWP target not found
Native extension for LinuxStandalone target not found
Native extension for WindowsStandalone target not found
Native extension for Android target not found
Native extension for WebGL target not found
[Package Manager] Server::EnsureServerProcessIsRunning -- launch failed, reason: Unity was launched with the -noUpm command-line argument
[Package Manager] UpmClient::Send -- Unable to send message (not connected to UPM process).
[Package Manager] Cannot connect to Unity Package Manager local server
Mono: successfully reloaded assembly
- Finished resetting the current domain, in  1.427 seconds
Domain Reload Profiling: 1905ms
	BeginReloadAssembly (155ms)
		ExecutionOrderSort (0ms)
		DisableScriptedObjects (4ms)
		BackupInstance (0ms)
		ReleaseScriptingObjects (0ms)
		CreateAndSetChildDomain (41ms)
	RebuildCommonClasses (31ms)
	RebuildNativeTypeToScriptingClass (11ms)
	initialDomainReloadingComplete (27ms)
	LoadAllAssembliesAndSetupDomain (253ms)
		LoadAssemblies (264ms)
		RebuildTransferFunctionScriptingTraits (0ms)
		AnalyzeDomain (63ms)
			TypeCache.Refresh (11ms)
				TypeCache.ScanAssembly (0ms)
			ScanForSourceGeneratedMonoScriptInfo (40ms)
			ResolveRequiredComponents (11ms)
	FinalizeReload (1428ms)
		ReleaseScriptCaches (0ms)
		RebuildScriptCaches (0ms)
		SetupLoadedEditorAssemblies (588ms)
			LogAssemblyErrors (0ms)
			InitializePlatformSupportModulesInManaged (29ms)
			SetLoadedEditorAssemblies (3ms)
			RefreshPlugins (0ms)
			BeforeProcessingInitializeOnLoad (71ms)
			ProcessInitializeOnLoadAttributes (456ms)
			ProcessInitializeOnLoadMethodAttributes (23ms)
			AfterProcessingInitializeOnLoad (7ms)
			EditorAssembliesLoaded (0ms)
		ExecutionOrderSort2 (0ms)
		AwakeInstancesAfterBackupRestoration (40ms)
Refreshing native plugins compatible for Editor in 3.14 ms, found 3 plugins.
Preloading 0 native plugins for Editor in 0.00 ms.
Unloading 6285 Unused Serialized files (Serialized files now loaded: 0)
Unloading 73 unused Assets / (3.6 MB). Loaded Objects now: 7114.
Memory consumption went from 265.3 MB to 261.8 MB.
Total: 4.000100 ms (FindLiveObjects: 0.425200 ms CreateObjectMapping: 0.424100 ms MarkObjects: 2.692400 ms  DeleteObjects: 0.457600 ms)

Prepare: number of updated asset objects reloaded= 0
AssetImportParameters requested are different than current active one (requested -> active):
  custom:scripting/monoscript/fileName/PositionPreviewer.cs: f5e89315b7dd0fd1721d2efda9b0bb3b -> 973c971ad8634361ae6b0bf60096b746
  custom:container-demuxer-ogg: 62fdf1f143b41e24485cea50d1cbac27 -> 
  custom:framework-win-MediaFoundation: 216162199b28c13a410421893ffa2e32 -> 
  custom:scripting/monoscript/fileName/CallbacksRedirector.cs: 53f15a271dfcb83835024134e2ef1c0d -> 366b8bfb1e5b31061b1f8b8c228b4969
  custom:scripting/monoscript/fileName/PlayerController.cs: 0aec31476f55370a5ff7e930ca2cc1f8 -> 35fea1dfd941426596ad0f070833c712
  custom:scripting/monoscript/fileName/Player_Inspector.cs: 46dfdf4be1458cd09f89a42eca0683d1 -> 
  custom:scripting/monoscript/fileName/QuaternionUtil.cs: d1ff4e9fffe9b2524c0f0d1e702f0a38 -> d33880fd0cfa9479a6dee02d93937b6e
  custom:scripting/monoscript/fileName/ProjectilePool.cs: 5a8b7382be94e03c222afe44eaec8367 -> 3176366f6d92604054e8021eb8929ac8
  custom:container-muxer-webm: aa71ff27fc2769a1b78a27578f13a17b -> 
  custom:video-decoder-webm-vp8: 9c59270c3fd7afecdb556c50c9e8de78 -> 
  custom:scripting/monoscript/fileName/ItemData.cs: b8f05b556ef06ba02d0f1b95c159a2f0 -> 1b4ee171ea329a3b8c45ba9c0f8d848f
  custom:SearchIndexIgnoredProperties: e643bd26f0fe6173181afceb89e7c659 -> 
  custom:AudioImporter_EditorPlatform: d09bf68614088b80899f8185d706f6e7 -> 
  custom:scripting/monoscript/fileName/RequiredAttribute.cs: f4c5a9d83edf5f7a258c4ed00b26f03d -> cb1dd9ba3b7ade1b8b988c3992487acc
  custom:audio-decoder-ogg-vorbis: bf7c407c2cedff20999df2af8eb42d56 -> 
  custom:scripting/monoscript/fileName/Item.cs: aa1d27623597d875fb2fd82f73821453 -> 7bde3b1f1a739711a690cca5a607b678
  custom:scripting/monoscript/fileName/WeaponData.cs: d32674dace5182e33c40d54c6b2cd7e9 -> 06f4102c9c039affa2d4f7ee88bde160
  custom:scripting/monoscript/fileName/BallisticMethods.cs: e78082f42c4037b33428bd4a474cc20b -> 1fae31425de50316fb7ed8f82754c85f
  custom:audio-encoder-webm-vorbis: bf7c407c2cedff20999df2af8eb42d56 -> 
  custom:scripting/monoscript/fileName/InventoryController.cs: 8f54963daddf1bc577765b41fa5a5b11 -> 8322ed622adc316a0e1780953832d2f6
  custom:scripting/monoscript/fileName/PlayerController_Inspector.cs: e11937125d9f59d849e08b7e8f47f523 -> bded040cfaa3aefe61a946278beeb111
  custom:video-codec-MediaFoundation-h265: 746d11721c4dcdbdad8f713fa42b33f4 -> 
  custom:scripting/monoscript/fileName/WeaponController.cs: eff195c7250a2f0381f416043148b56e -> b24a142813562abdf90c619f99201081
  custom:scripting/monoscript/fileName/MathematicsDrawers.cs: f55ff2195245c57ad8dd4ae275cfa5b5 -> 
  custom:video-decoder-ogg-theora: a1e56fd34408186e4bbccfd4996cb3dc -> 
  custom:scripting/monoscript/fileName/WindManager.cs: 277738f437e4ed2be5fbea91bac66f45 -> cba51479f35e7bfbfccfabacddaf093c
  custom:scripting/monoscript/fileName/Utils.cs: 738399b889b9c1ef2a46bc8b708e4f36 -> 065485c1404def0eac633ace74af67da
  custom:CustomObjectIndexerAttribute: 6d391050e5a25f67b0a2c618074f2cd9 -> 
  custom:container-demuxer-webm: 4f35f7cbe854078d1ac9338744f61a02 -> 
  custom:scripting/monoscript/fileName/ProjectileController.cs: ca3073885f6c90ffb9cf3d7f5a257f02 -> c42e94e8ce150302e05ce34b5caf34c5
  custom:scripting/monoscript/fileName/RequiredPropertyDrawer.cs: df55a1f60369373e5f65b899d1b2920f -> 51961cad30f041e0fd8635c70c2dc474
  custom:scripting/monoscript/fileName/ProjectileData.cs: 78cf153c0e901184e913b64700924582 -> df2689abdba961d9dcd844f6531b60c1
  custom:video-encoder-webm-vp8: eb34c28f22e8b96e1ab97ce403110664 -> 
========================================================================
Received Prepare
Begin MonoManager ReloadAssembly
- Loaded All Assemblies, in  0.431 seconds
Refreshing native plugins compatible for Editor in 3.56 ms, found 3 plugins.
Native extension for UWP target not found
Native extension for LinuxStandalone target not found
Native extension for WindowsStandalone target not found
Native extension for Android target not found
Native extension for WebGL target not found
[Package Manager] Server::EnsureServerProcessIsRunning -- launch failed, reason: Unity was launched with the -noUpm command-line argument
[Package Manager] UpmClient::Send -- Unable to send message (not connected to UPM process).
[Package Manager] Cannot connect to Unity Package Manager local server
Mono: successfully reloaded assembly
- Finished resetting the current domain, in  1.455 seconds
Domain Reload Profiling: 1884ms
	BeginReloadAssembly (152ms)
		ExecutionOrderSort (0ms)
		DisableScriptedObjects (4ms)
		BackupInstance (0ms)
		ReleaseScriptingObjects (0ms)
		CreateAndSetChildDomain (38ms)
	RebuildCommonClasses (33ms)
	RebuildNativeTypeToScriptingClass (11ms)
	initialDomainReloadingComplete (28ms)
	LoadAllAssembliesAndSetupDomain (205ms)
		LoadAssemblies (260ms)
		RebuildTransferFunctionScriptingTraits (0ms)
		AnalyzeDomain (19ms)
			TypeCache.Refresh (7ms)
				TypeCache.ScanAssembly (0ms)
			ScanForSourceGeneratedMonoScriptInfo (0ms)
			ResolveRequiredComponents (10ms)
	FinalizeReload (1455ms)
		ReleaseScriptCaches (0ms)
		RebuildScriptCaches (0ms)
		SetupLoadedEditorAssemblies (577ms)
			LogAssemblyErrors (0ms)
			InitializePlatformSupportModulesInManaged (28ms)
			SetLoadedEditorAssemblies (3ms)
			RefreshPlugins (0ms)
			BeforeProcessingInitializeOnLoad (69ms)
			ProcessInitializeOnLoadAttributes (447ms)
			ProcessInitializeOnLoadMethodAttributes (23ms)
			AfterProcessingInitializeOnLoad (7ms)
			EditorAssembliesLoaded (0ms)
		ExecutionOrderSort2 (0ms)
		AwakeInstancesAfterBackupRestoration (42ms)
Refreshing native plugins compatible for Editor in 3.23 ms, found 3 plugins.
Preloading 0 native plugins for Editor in 0.00 ms.
Unloading 6285 Unused Serialized files (Serialized files now loaded: 0)
Unloading 73 unused Assets / (3.6 MB). Loaded Objects now: 7117.
Memory consumption went from 267.3 MB to 263.7 MB.
Total: 4.797300 ms (FindLiveObjects: 0.408000 ms CreateObjectMapping: 0.448400 ms MarkObjects: 2.810000 ms  DeleteObjects: 1.130000 ms)

Prepare: number of updated asset objects reloaded= 0
AssetImportParameters requested are different than current active one (requested -> active):
  custom:scripting/monoscript/fileName/PositionPreviewer.cs: f5e89315b7dd0fd1721d2efda9b0bb3b -> 973c971ad8634361ae6b0bf60096b746
  custom:container-demuxer-ogg: 62fdf1f143b41e24485cea50d1cbac27 -> 
  custom:framework-win-MediaFoundation: 216162199b28c13a410421893ffa2e32 -> 
  custom:scripting/monoscript/fileName/CallbacksRedirector.cs: 53f15a271dfcb83835024134e2ef1c0d -> 366b8bfb1e5b31061b1f8b8c228b4969
  custom:scripting/monoscript/fileName/PlayerController.cs: 0aec31476f55370a5ff7e930ca2cc1f8 -> 35fea1dfd941426596ad0f070833c712
  custom:scripting/monoscript/fileName/Player_Inspector.cs: 46dfdf4be1458cd09f89a42eca0683d1 -> 
  custom:scripting/monoscript/fileName/QuaternionUtil.cs: d1ff4e9fffe9b2524c0f0d1e702f0a38 -> d33880fd0cfa9479a6dee02d93937b6e
  custom:scripting/monoscript/fileName/ProjectilePool.cs: 5a8b7382be94e03c222afe44eaec8367 -> 3176366f6d92604054e8021eb8929ac8
  custom:container-muxer-webm: aa71ff27fc2769a1b78a27578f13a17b -> 
  custom:video-decoder-webm-vp8: 9c59270c3fd7afecdb556c50c9e8de78 -> 
  custom:scripting/monoscript/fileName/ItemData.cs: b8f05b556ef06ba02d0f1b95c159a2f0 -> 1b4ee171ea329a3b8c45ba9c0f8d848f
  custom:SearchIndexIgnoredProperties: e643bd26f0fe6173181afceb89e7c659 -> 
  custom:AudioImporter_EditorPlatform: d09bf68614088b80899f8185d706f6e7 -> 
  custom:scripting/monoscript/fileName/RequiredAttribute.cs: f4c5a9d83edf5f7a258c4ed00b26f03d -> cb1dd9ba3b7ade1b8b988c3992487acc
  custom:audio-decoder-ogg-vorbis: bf7c407c2cedff20999df2af8eb42d56 -> 
  custom:scripting/monoscript/fileName/Item.cs: aa1d27623597d875fb2fd82f73821453 -> 7bde3b1f1a739711a690cca5a607b678
  custom:scripting/monoscript/fileName/WeaponData.cs: d32674dace5182e33c40d54c6b2cd7e9 -> 06f4102c9c039affa2d4f7ee88bde160
  custom:scripting/monoscript/fileName/BallisticMethods.cs: e78082f42c4037b33428bd4a474cc20b -> 1fae31425de50316fb7ed8f82754c85f
  custom:audio-encoder-webm-vorbis: bf7c407c2cedff20999df2af8eb42d56 -> 
  custom:scripting/monoscript/fileName/InventoryController.cs: 8f54963daddf1bc577765b41fa5a5b11 -> 8322ed622adc316a0e1780953832d2f6
  custom:scripting/monoscript/fileName/PlayerController_Inspector.cs: e11937125d9f59d849e08b7e8f47f523 -> bded040cfaa3aefe61a946278beeb111
  custom:video-codec-MediaFoundation-h265: 746d11721c4dcdbdad8f713fa42b33f4 -> 
  custom:scripting/monoscript/fileName/WeaponController.cs: eff195c7250a2f0381f416043148b56e -> b24a142813562abdf90c619f99201081
  custom:scripting/monoscript/fileName/MathematicsDrawers.cs: f55ff2195245c57ad8dd4ae275cfa5b5 -> 
  custom:video-decoder-ogg-theora: a1e56fd34408186e4bbccfd4996cb3dc -> 
  custom:scripting/monoscript/fileName/WindManager.cs: 277738f437e4ed2be5fbea91bac66f45 -> cba51479f35e7bfbfccfabacddaf093c
  custom:scripting/monoscript/fileName/Utils.cs: 738399b889b9c1ef2a46bc8b708e4f36 -> 065485c1404def0eac633ace74af67da
  custom:CustomObjectIndexerAttribute: 6d391050e5a25f67b0a2c618074f2cd9 -> 
  custom:container-demuxer-webm: 4f35f7cbe854078d1ac9338744f61a02 -> 
  custom:scripting/monoscript/fileName/ProjectileController.cs: ca3073885f6c90ffb9cf3d7f5a257f02 -> c42e94e8ce150302e05ce34b5caf34c5
  custom:scripting/monoscript/fileName/RequiredPropertyDrawer.cs: df55a1f60369373e5f65b899d1b2920f -> 51961cad30f041e0fd8635c70c2dc474
  custom:scripting/monoscript/fileName/ProjectileData.cs: 78cf153c0e901184e913b64700924582 -> df2689abdba961d9dcd844f6531b60c1
  custom:video-encoder-webm-vp8: eb34c28f22e8b96e1ab97ce403110664 -> 
========================================================================
Received Prepare
Begin MonoManager ReloadAssembly
- Loaded All Assemblies, in  0.512 seconds
Refreshing native plugins compatible for Editor in 3.21 ms, found 3 plugins.
Native extension for UWP target not found
Native extension for LinuxStandalone target not found
Native extension for WindowsStandalone target not found
Native extension for Android target not found
Native extension for WebGL target not found
[Package Manager] Server::EnsureServerProcessIsRunning -- launch failed, reason: Unity was launched with the -noUpm command-line argument
[Package Manager] UpmClient::Send -- Unable to send message (not connected to UPM process).
[Package Manager] Cannot connect to Unity Package Manager local server
Mono: successfully reloaded assembly
- Finished resetting the current domain, in  1.538 seconds
Domain Reload Profiling: 2048ms
	BeginReloadAssembly (157ms)
		ExecutionOrderSort (0ms)
		DisableScriptedObjects (5ms)
		BackupInstance (0ms)
		ReleaseScriptingObjects (0ms)
		CreateAndSetChildDomain (42ms)
	RebuildCommonClasses (34ms)
	RebuildNativeTypeToScriptingClass (11ms)
	initialDomainReloadingComplete (29ms)
	LoadAllAssembliesAndSetupDomain (279ms)
		LoadAssemblies (284ms)
		RebuildTransferFunctionScriptingTraits (0ms)
		AnalyzeDomain (69ms)
			TypeCache.Refresh (10ms)
				TypeCache.ScanAssembly (0ms)
			ScanForSourceGeneratedMonoScriptInfo (43ms)
			ResolveRequiredComponents (15ms)
	FinalizeReload (1538ms)
		ReleaseScriptCaches (0ms)
		RebuildScriptCaches (0ms)
		SetupLoadedEditorAssemblies (668ms)
			LogAssemblyErrors (0ms)
			InitializePlatformSupportModulesInManaged (30ms)
			SetLoadedEditorAssemblies (3ms)
			RefreshPlugins (0ms)
			BeforeProcessingInitializeOnLoad (73ms)
			ProcessInitializeOnLoadAttributes (519ms)
			ProcessInitializeOnLoadMethodAttributes (34ms)
			AfterProcessingInitializeOnLoad (8ms)
			EditorAssembliesLoaded (1ms)
		ExecutionOrderSort2 (0ms)
		AwakeInstancesAfterBackupRestoration (41ms)
Refreshing native plugins compatible for Editor in 3.16 ms, found 3 plugins.
Preloading 0 native plugins for Editor in 0.00 ms.
Unloading 6285 Unused Serialized files (Serialized files now loaded: 0)
Unloading 73 unused Assets / (3.6 MB). Loaded Objects now: 7120.
Memory consumption went from 269.2 MB to 265.6 MB.
Total: 4.643500 ms (FindLiveObjects: 0.413900 ms CreateObjectMapping: 0.444000 ms MarkObjects: 3.207700 ms  DeleteObjects: 0.576400 ms)

Prepare: number of updated asset objects reloaded= 0
AssetImportParameters requested are different than current active one (requested -> active):
  custom:scripting/monoscript/fileName/PositionPreviewer.cs: f5e89315b7dd0fd1721d2efda9b0bb3b -> 973c971ad8634361ae6b0bf60096b746
  custom:container-demuxer-ogg: 62fdf1f143b41e24485cea50d1cbac27 -> 
  custom:framework-win-MediaFoundation: 216162199b28c13a410421893ffa2e32 -> 
  custom:scripting/monoscript/fileName/CallbacksRedirector.cs: 53f15a271dfcb83835024134e2ef1c0d -> 366b8bfb1e5b31061b1f8b8c228b4969
  custom:scripting/monoscript/fileName/PlayerController.cs: 0aec31476f55370a5ff7e930ca2cc1f8 -> 35fea1dfd941426596ad0f070833c712
  custom:scripting/monoscript/fileName/Player_Inspector.cs: 46dfdf4be1458cd09f89a42eca0683d1 -> 
  custom:scripting/monoscript/fileName/QuaternionUtil.cs: d1ff4e9fffe9b2524c0f0d1e702f0a38 -> d33880fd0cfa9479a6dee02d93937b6e
  custom:scripting/monoscript/fileName/ProjectilePool.cs: 5a8b7382be94e03c222afe44eaec8367 -> 3176366f6d92604054e8021eb8929ac8
  custom:container-muxer-webm: aa71ff27fc2769a1b78a27578f13a17b -> 
  custom:video-decoder-webm-vp8: 9c59270c3fd7afecdb556c50c9e8de78 -> 
  custom:scripting/monoscript/fileName/ItemData.cs: b8f05b556ef06ba02d0f1b95c159a2f0 -> 1b4ee171ea329a3b8c45ba9c0f8d848f
  custom:SearchIndexIgnoredProperties: e643bd26f0fe6173181afceb89e7c659 -> 
  custom:AudioImporter_EditorPlatform: d09bf68614088b80899f8185d706f6e7 -> 
  custom:scripting/monoscript/fileName/RequiredAttribute.cs: f4c5a9d83edf5f7a258c4ed00b26f03d -> cb1dd9ba3b7ade1b8b988c3992487acc
  custom:audio-decoder-ogg-vorbis: bf7c407c2cedff20999df2af8eb42d56 -> 
  custom:scripting/monoscript/fileName/Item.cs: aa1d27623597d875fb2fd82f73821453 -> 7bde3b1f1a739711a690cca5a607b678
  custom:scripting/monoscript/fileName/WeaponData.cs: d32674dace5182e33c40d54c6b2cd7e9 -> 06f4102c9c039affa2d4f7ee88bde160
  custom:scripting/monoscript/fileName/BallisticMethods.cs: e78082f42c4037b33428bd4a474cc20b -> 1fae31425de50316fb7ed8f82754c85f
  custom:audio-encoder-webm-vorbis: bf7c407c2cedff20999df2af8eb42d56 -> 
  custom:scripting/monoscript/fileName/InventoryController.cs: 8f54963daddf1bc577765b41fa5a5b11 -> 8322ed622adc316a0e1780953832d2f6
  custom:scripting/monoscript/fileName/PlayerController_Inspector.cs: e11937125d9f59d849e08b7e8f47f523 -> bded040cfaa3aefe61a946278beeb111
  custom:video-codec-MediaFoundation-h265: 746d11721c4dcdbdad8f713fa42b33f4 -> 
  custom:scripting/monoscript/fileName/WeaponController.cs: eff195c7250a2f0381f416043148b56e -> b24a142813562abdf90c619f99201081
  custom:scripting/monoscript/fileName/MathematicsDrawers.cs: f55ff2195245c57ad8dd4ae275cfa5b5 -> 
  custom:video-decoder-ogg-theora: a1e56fd34408186e4bbccfd4996cb3dc -> 
  custom:scripting/monoscript/fileName/WindManager.cs: 277738f437e4ed2be5fbea91bac66f45 -> cba51479f35e7bfbfccfabacddaf093c
  custom:scripting/monoscript/fileName/Utils.cs: 738399b889b9c1ef2a46bc8b708e4f36 -> 065485c1404def0eac633ace74af67da
  custom:CustomObjectIndexerAttribute: 6d391050e5a25f67b0a2c618074f2cd9 -> 
  custom:container-demuxer-webm: 4f35f7cbe854078d1ac9338744f61a02 -> 
  custom:scripting/monoscript/fileName/ProjectileController.cs: ca3073885f6c90ffb9cf3d7f5a257f02 -> c42e94e8ce150302e05ce34b5caf34c5
  custom:scripting/monoscript/fileName/RequiredPropertyDrawer.cs: df55a1f60369373e5f65b899d1b2920f -> 51961cad30f041e0fd8635c70c2dc474
  custom:scripting/monoscript/fileName/ProjectileData.cs: 78cf153c0e901184e913b64700924582 -> df2689abdba961d9dcd844f6531b60c1
  custom:video-encoder-webm-vp8: eb34c28f22e8b96e1ab97ce403110664 -> 
========================================================================
Received Prepare
Begin MonoManager ReloadAssembly
- Loaded All Assemblies, in  0.433 seconds
Refreshing native plugins compatible for Editor in 3.34 ms, found 3 plugins.
Native extension for UWP target not found
Native extension for LinuxStandalone target not found
Native extension for WindowsStandalone target not found
Native extension for Android target not found
Native extension for WebGL target not found
[Package Manager] Server::EnsureServerProcessIsRunning -- launch failed, reason: Unity was launched with the -noUpm command-line argument
[Package Manager] UpmClient::Send -- Unable to send message (not connected to UPM process).
[Package Manager] Cannot connect to Unity Package Manager local server
Mono: successfully reloaded assembly
- Finished resetting the current domain, in  1.441 seconds
Domain Reload Profiling: 1872ms
	BeginReloadAssembly (153ms)
		ExecutionOrderSort (0ms)
		DisableScriptedObjects (5ms)
		BackupInstance (0ms)
		ReleaseScriptingObjects (0ms)
		CreateAndSetChildDomain (38ms)
	RebuildCommonClasses (31ms)
	RebuildNativeTypeToScriptingClass (11ms)
	initialDomainReloadingComplete (27ms)
	LoadAllAssembliesAndSetupDomain (210ms)
		LoadAssemblies (263ms)
		RebuildTransferFunctionScriptingTraits (0ms)
		AnalyzeDomain (19ms)
			TypeCache.Refresh (7ms)
				TypeCache.ScanAssembly (0ms)
			ScanForSourceGeneratedMonoScriptInfo (0ms)
			ResolveRequiredComponents (11ms)
	FinalizeReload (1441ms)
		ReleaseScriptCaches (0ms)
		RebuildScriptCaches (0ms)
		SetupLoadedEditorAssemblies (567ms)
			LogAssemblyErrors (0ms)
			InitializePlatformSupportModulesInManaged (27ms)
			SetLoadedEditorAssemblies (3ms)
			RefreshPlugins (0ms)
			BeforeProcessingInitializeOnLoad (68ms)
			ProcessInitializeOnLoadAttributes (439ms)
			ProcessInitializeOnLoadMethodAttributes (23ms)
			AfterProcessingInitializeOnLoad (7ms)
			EditorAssembliesLoaded (0ms)
		ExecutionOrderSort2 (0ms)
		AwakeInstancesAfterBackupRestoration (44ms)
Refreshing native plugins compatible for Editor in 3.38 ms, found 3 plugins.
Preloading 0 native plugins for Editor in 0.00 ms.
Unloading 6285 Unused Serialized files (Serialized files now loaded: 0)
Unloading 73 unused Assets / (3.6 MB). Loaded Objects now: 7123.
Memory consumption went from 271.1 MB to 267.6 MB.
Total: 4.434200 ms (FindLiveObjects: 0.445800 ms CreateObjectMapping: 0.484700 ms MarkObjects: 2.969700 ms  DeleteObjects: 0.533100 ms)

Prepare: number of updated asset objects reloaded= 0
AssetImportParameters requested are different than current active one (requested -> active):
  custom:scripting/monoscript/fileName/PositionPreviewer.cs: f5e89315b7dd0fd1721d2efda9b0bb3b -> 973c971ad8634361ae6b0bf60096b746
  custom:container-demuxer-ogg: 62fdf1f143b41e24485cea50d1cbac27 -> 
  custom:framework-win-MediaFoundation: 216162199b28c13a410421893ffa2e32 -> 
  custom:scripting/monoscript/fileName/CallbacksRedirector.cs: 53f15a271dfcb83835024134e2ef1c0d -> 366b8bfb1e5b31061b1f8b8c228b4969
  custom:scripting/monoscript/fileName/PlayerController.cs: 0aec31476f55370a5ff7e930ca2cc1f8 -> 35fea1dfd941426596ad0f070833c712
  custom:scripting/monoscript/fileName/Player_Inspector.cs: 46dfdf4be1458cd09f89a42eca0683d1 -> 
  custom:scripting/monoscript/fileName/QuaternionUtil.cs: d1ff4e9fffe9b2524c0f0d1e702f0a38 -> d33880fd0cfa9479a6dee02d93937b6e
  custom:scripting/monoscript/fileName/ProjectilePool.cs: 5a8b7382be94e03c222afe44eaec8367 -> 3176366f6d92604054e8021eb8929ac8
  custom:container-muxer-webm: aa71ff27fc2769a1b78a27578f13a17b -> 
  custom:video-decoder-webm-vp8: 9c59270c3fd7afecdb556c50c9e8de78 -> 
  custom:scripting/monoscript/fileName/ItemData.cs: b8f05b556ef06ba02d0f1b95c159a2f0 -> 1b4ee171ea329a3b8c45ba9c0f8d848f
  custom:SearchIndexIgnoredProperties: e643bd26f0fe6173181afceb89e7c659 -> 
  custom:AudioImporter_EditorPlatform: d09bf68614088b80899f8185d706f6e7 -> 
  custom:scripting/monoscript/fileName/RequiredAttribute.cs: f4c5a9d83edf5f7a258c4ed00b26f03d -> cb1dd9ba3b7ade1b8b988c3992487acc
  custom:audio-decoder-ogg-vorbis: bf7c407c2cedff20999df2af8eb42d56 -> 
  custom:scripting/monoscript/fileName/Item.cs: aa1d27623597d875fb2fd82f73821453 -> 7bde3b1f1a739711a690cca5a607b678
  custom:scripting/monoscript/fileName/WeaponData.cs: d32674dace5182e33c40d54c6b2cd7e9 -> 06f4102c9c039affa2d4f7ee88bde160
  custom:scripting/monoscript/fileName/BallisticMethods.cs: e78082f42c4037b33428bd4a474cc20b -> 1fae31425de50316fb7ed8f82754c85f
  custom:audio-encoder-webm-vorbis: bf7c407c2cedff20999df2af8eb42d56 -> 
  custom:scripting/monoscript/fileName/InventoryController.cs: 8f54963daddf1bc577765b41fa5a5b11 -> 8322ed622adc316a0e1780953832d2f6
  custom:scripting/monoscript/fileName/PlayerController_Inspector.cs: e11937125d9f59d849e08b7e8f47f523 -> bded040cfaa3aefe61a946278beeb111
  custom:video-codec-MediaFoundation-h265: 746d11721c4dcdbdad8f713fa42b33f4 -> 
  custom:scripting/monoscript/fileName/WeaponController.cs: eff195c7250a2f0381f416043148b56e -> b24a142813562abdf90c619f99201081
  custom:scripting/monoscript/fileName/MathematicsDrawers.cs: f55ff2195245c57ad8dd4ae275cfa5b5 -> 
  custom:video-decoder-ogg-theora: a1e56fd34408186e4bbccfd4996cb3dc -> 
  custom:scripting/monoscript/fileName/WindManager.cs: 277738f437e4ed2be5fbea91bac66f45 -> cba51479f35e7bfbfccfabacddaf093c
  custom:scripting/monoscript/fileName/Utils.cs: 738399b889b9c1ef2a46bc8b708e4f36 -> 065485c1404def0eac633ace74af67da
  custom:CustomObjectIndexerAttribute: 6d391050e5a25f67b0a2c618074f2cd9 -> 
  custom:container-demuxer-webm: 4f35f7cbe854078d1ac9338744f61a02 -> 
  custom:scripting/monoscript/fileName/ProjectileController.cs: ca3073885f6c90ffb9cf3d7f5a257f02 -> c42e94e8ce150302e05ce34b5caf34c5
  custom:scripting/monoscript/fileName/RequiredPropertyDrawer.cs: df55a1f60369373e5f65b899d1b2920f -> 51961cad30f041e0fd8635c70c2dc474
  custom:scripting/monoscript/fileName/ProjectileData.cs: 78cf153c0e901184e913b64700924582 -> df2689abdba961d9dcd844f6531b60c1
  custom:video-encoder-webm-vp8: eb34c28f22e8b96e1ab97ce403110664 -> 
========================================================================
Received Prepare
Begin MonoManager ReloadAssembly
- Loaded All Assemblies, in  0.531 seconds
Refreshing native plugins compatible for Editor in 3.20 ms, found 3 plugins.
Native extension for UWP target not found
Native extension for LinuxStandalone target not found
Native extension for WindowsStandalone target not found
Native extension for Android target not found
Native extension for WebGL target not found
[Package Manager] Server::EnsureServerProcessIsRunning -- launch failed, reason: Unity was launched with the -noUpm command-line argument
[Package Manager] UpmClient::Send -- Unable to send message (not connected to UPM process).
[Package Manager] Cannot connect to Unity Package Manager local server
Mono: successfully reloaded assembly
- Finished resetting the current domain, in  1.461 seconds
Domain Reload Profiling: 1990ms
	BeginReloadAssembly (195ms)
		ExecutionOrderSort (0ms)
		DisableScriptedObjects (6ms)
		BackupInstance (0ms)
		ReleaseScriptingObjects (0ms)
		CreateAndSetChildDomain (43ms)
	RebuildCommonClasses (36ms)
	RebuildNativeTypeToScriptingClass (12ms)
	initialDomainReloadingComplete (29ms)
	LoadAllAssembliesAndSetupDomain (256ms)
		LoadAssemblies (301ms)
		RebuildTransferFunctionScriptingTraits (0ms)
		AnalyzeDomain (63ms)
			TypeCache.Refresh (10ms)
				TypeCache.ScanAssembly (1ms)
			ScanForSourceGeneratedMonoScriptInfo (41ms)
			ResolveRequiredComponents (10ms)
	FinalizeReload (1462ms)
		ReleaseScriptCaches (0ms)
		RebuildScriptCaches (0ms)
		SetupLoadedEditorAssemblies (585ms)
			LogAssemblyErrors (0ms)
			InitializePlatformSupportModulesInManaged (30ms)
			SetLoadedEditorAssemblies (3ms)
			RefreshPlugins (0ms)
			BeforeProcessingInitializeOnLoad (70ms)
			ProcessInitializeOnLoadAttributes (451ms)
			ProcessInitializeOnLoadMethodAttributes (23ms)
			AfterProcessingInitializeOnLoad (7ms)
			EditorAssembliesLoaded (0ms)
		ExecutionOrderSort2 (0ms)
		AwakeInstancesAfterBackupRestoration (40ms)
Refreshing native plugins compatible for Editor in 3.23 ms, found 3 plugins.
Preloading 0 native plugins for Editor in 0.00 ms.
Unloading 6285 Unused Serialized files (Serialized files now loaded: 0)
Unloading 73 unused Assets / (3.6 MB). Loaded Objects now: 7126.
Memory consumption went from 273.1 MB to 269.5 MB.
Total: 4.188600 ms (FindLiveObjects: 0.411700 ms CreateObjectMapping: 0.462500 ms MarkObjects: 2.850000 ms  DeleteObjects: 0.463500 ms)

Prepare: number of updated asset objects reloaded= 0
AssetImportParameters requested are different than current active one (requested -> active):
  custom:scripting/monoscript/fileName/PositionPreviewer.cs: f5e89315b7dd0fd1721d2efda9b0bb3b -> 973c971ad8634361ae6b0bf60096b746
  custom:container-demuxer-ogg: 62fdf1f143b41e24485cea50d1cbac27 -> 
  custom:framework-win-MediaFoundation: 216162199b28c13a410421893ffa2e32 -> 
  custom:scripting/monoscript/fileName/CallbacksRedirector.cs: 53f15a271dfcb83835024134e2ef1c0d -> 366b8bfb1e5b31061b1f8b8c228b4969
  custom:scripting/monoscript/fileName/PlayerController.cs: 0aec31476f55370a5ff7e930ca2cc1f8 -> 35fea1dfd941426596ad0f070833c712
  custom:scripting/monoscript/fileName/Player_Inspector.cs: 46dfdf4be1458cd09f89a42eca0683d1 -> 
  custom:scripting/monoscript/fileName/QuaternionUtil.cs: d1ff4e9fffe9b2524c0f0d1e702f0a38 -> d33880fd0cfa9479a6dee02d93937b6e
  custom:scripting/monoscript/fileName/ProjectilePool.cs: 5a8b7382be94e03c222afe44eaec8367 -> 3176366f6d92604054e8021eb8929ac8
  custom:container-muxer-webm: aa71ff27fc2769a1b78a27578f13a17b -> 
  custom:video-decoder-webm-vp8: 9c59270c3fd7afecdb556c50c9e8de78 -> 
  custom:scripting/monoscript/fileName/ItemData.cs: b8f05b556ef06ba02d0f1b95c159a2f0 -> 1b4ee171ea329a3b8c45ba9c0f8d848f
  custom:SearchIndexIgnoredProperties: e643bd26f0fe6173181afceb89e7c659 -> 
  custom:AudioImporter_EditorPlatform: d09bf68614088b80899f8185d706f6e7 -> 
  custom:scripting/monoscript/fileName/RequiredAttribute.cs: f4c5a9d83edf5f7a258c4ed00b26f03d -> cb1dd9ba3b7ade1b8b988c3992487acc
  custom:audio-decoder-ogg-vorbis: bf7c407c2cedff20999df2af8eb42d56 -> 
  custom:scripting/monoscript/fileName/Item.cs: aa1d27623597d875fb2fd82f73821453 -> 7bde3b1f1a739711a690cca5a607b678
  custom:scripting/monoscript/fileName/WeaponData.cs: d32674dace5182e33c40d54c6b2cd7e9 -> 06f4102c9c039affa2d4f7ee88bde160
  custom:scripting/monoscript/fileName/BallisticMethods.cs: e78082f42c4037b33428bd4a474cc20b -> 1fae31425de50316fb7ed8f82754c85f
  custom:audio-encoder-webm-vorbis: bf7c407c2cedff20999df2af8eb42d56 -> 
  custom:scripting/monoscript/fileName/InventoryController.cs: 8f54963daddf1bc577765b41fa5a5b11 -> 8322ed622adc316a0e1780953832d2f6
  custom:scripting/monoscript/fileName/PlayerController_Inspector.cs: e11937125d9f59d849e08b7e8f47f523 -> bded040cfaa3aefe61a946278beeb111
  custom:video-codec-MediaFoundation-h265: 746d11721c4dcdbdad8f713fa42b33f4 -> 
  custom:scripting/monoscript/fileName/WeaponController.cs: eff195c7250a2f0381f416043148b56e -> b24a142813562abdf90c619f99201081
  custom:scripting/monoscript/fileName/MathematicsDrawers.cs: f55ff2195245c57ad8dd4ae275cfa5b5 -> 
  custom:video-decoder-ogg-theora: a1e56fd34408186e4bbccfd4996cb3dc -> 
  custom:scripting/monoscript/fileName/WindManager.cs: 277738f437e4ed2be5fbea91bac66f45 -> cba51479f35e7bfbfccfabacddaf093c
  custom:scripting/monoscript/fileName/Utils.cs: 738399b889b9c1ef2a46bc8b708e4f36 -> 065485c1404def0eac633ace74af67da
  custom:CustomObjectIndexerAttribute: 6d391050e5a25f67b0a2c618074f2cd9 -> 
  custom:container-demuxer-webm: 4f35f7cbe854078d1ac9338744f61a02 -> 
  custom:scripting/monoscript/fileName/ProjectileController.cs: ca3073885f6c90ffb9cf3d7f5a257f02 -> c42e94e8ce150302e05ce34b5caf34c5
  custom:scripting/monoscript/fileName/RequiredPropertyDrawer.cs: df55a1f60369373e5f65b899d1b2920f -> 51961cad30f041e0fd8635c70c2dc474
  custom:scripting/monoscript/fileName/ProjectileData.cs: 78cf153c0e901184e913b64700924582 -> df2689abdba961d9dcd844f6531b60c1
  custom:video-encoder-webm-vp8: eb34c28f22e8b96e1ab97ce403110664 -> 
========================================================================
Received Prepare
Begin MonoManager ReloadAssembly
- Loaded All Assemblies, in  0.439 seconds
Refreshing native plugins compatible for Editor in 3.23 ms, found 3 plugins.
Native extension for UWP target not found
Native extension for LinuxStandalone target not found
Native extension for WindowsStandalone target not found
Native extension for Android target not found
Native extension for WebGL target not found
[Package Manager] Server::EnsureServerProcessIsRunning -- launch failed, reason: Unity was launched with the -noUpm command-line argument
[Package Manager] UpmClient::Send -- Unable to send message (not connected to UPM process).
[Package Manager] Cannot connect to Unity Package Manager local server
Mono: successfully reloaded assembly
- Finished resetting the current domain, in  1.474 seconds
Domain Reload Profiling: 1910ms
	BeginReloadAssembly (153ms)
		ExecutionOrderSort (0ms)
		DisableScriptedObjects (4ms)
		BackupInstance (0ms)
		ReleaseScriptingObjects (0ms)
		CreateAndSetChildDomain (38ms)
	RebuildCommonClasses (32ms)
	RebuildNativeTypeToScriptingClass (11ms)
	initialDomainReloadingComplete (28ms)
	LoadAllAssembliesAndSetupDomain (213ms)
		LoadAssemblies (267ms)
		RebuildTransferFunctionScriptingTraits (0ms)
		AnalyzeDomain (19ms)
			TypeCache.Refresh (7ms)
				TypeCache.ScanAssembly (0ms)
			ScanForSourceGeneratedMonoScriptInfo (0ms)
			ResolveRequiredComponents (11ms)
	FinalizeReload (1474ms)
		ReleaseScriptCaches (0ms)
		RebuildScriptCaches (0ms)
		SetupLoadedEditorAssemblies (587ms)
			LogAssemblyErrors (0ms)
			InitializePlatformSupportModulesInManaged (30ms)
			SetLoadedEditorAssemblies (3ms)
			RefreshPlugins (0ms)
			BeforeProcessingInitializeOnLoad (72ms)
			ProcessInitializeOnLoadAttributes (452ms)
			ProcessInitializeOnLoadMethodAttributes (23ms)
			AfterProcessingInitializeOnLoad (7ms)
			EditorAssembliesLoaded (0ms)
		ExecutionOrderSort2 (0ms)
		AwakeInstancesAfterBackupRestoration (47ms)
Refreshing native plugins compatible for Editor in 3.08 ms, found 3 plugins.
Preloading 0 native plugins for Editor in 0.00 ms.
Unloading 6285 Unused Serialized files (Serialized files now loaded: 0)
Unloading 73 unused Assets / (3.6 MB). Loaded Objects now: 7129.
Memory consumption went from 275.0 MB to 271.4 MB.
Total: 4.098900 ms (FindLiveObjects: 0.469500 ms CreateObjectMapping: 0.463100 ms MarkObjects: 2.693500 ms  DeleteObjects: 0.471800 ms)

Prepare: number of updated asset objects reloaded= 0
AssetImportParameters requested are different than current active one (requested -> active):
  custom:scripting/monoscript/fileName/PositionPreviewer.cs: f5e89315b7dd0fd1721d2efda9b0bb3b -> 973c971ad8634361ae6b0bf60096b746
  custom:container-demuxer-ogg: 62fdf1f143b41e24485cea50d1cbac27 -> 
  custom:framework-win-MediaFoundation: 216162199b28c13a410421893ffa2e32 -> 
  custom:scripting/monoscript/fileName/CallbacksRedirector.cs: 53f15a271dfcb83835024134e2ef1c0d -> 366b8bfb1e5b31061b1f8b8c228b4969
  custom:scripting/monoscript/fileName/PlayerController.cs: 0aec31476f55370a5ff7e930ca2cc1f8 -> 35fea1dfd941426596ad0f070833c712
  custom:scripting/monoscript/fileName/Player_Inspector.cs: 46dfdf4be1458cd09f89a42eca0683d1 -> 
  custom:scripting/monoscript/fileName/QuaternionUtil.cs: d1ff4e9fffe9b2524c0f0d1e702f0a38 -> d33880fd0cfa9479a6dee02d93937b6e
  custom:scripting/monoscript/fileName/ProjectilePool.cs: 5a8b7382be94e03c222afe44eaec8367 -> 3176366f6d92604054e8021eb8929ac8
  custom:container-muxer-webm: aa71ff27fc2769a1b78a27578f13a17b -> 
  custom:video-decoder-webm-vp8: 9c59270c3fd7afecdb556c50c9e8de78 -> 
  custom:scripting/monoscript/fileName/ItemData.cs: b8f05b556ef06ba02d0f1b95c159a2f0 -> 1b4ee171ea329a3b8c45ba9c0f8d848f
  custom:SearchIndexIgnoredProperties: e643bd26f0fe6173181afceb89e7c659 -> 
  custom:AudioImporter_EditorPlatform: d09bf68614088b80899f8185d706f6e7 -> 
  custom:scripting/monoscript/fileName/RequiredAttribute.cs: f4c5a9d83edf5f7a258c4ed00b26f03d -> cb1dd9ba3b7ade1b8b988c3992487acc
  custom:audio-decoder-ogg-vorbis: bf7c407c2cedff20999df2af8eb42d56 -> 
  custom:scripting/monoscript/fileName/Item.cs: aa1d27623597d875fb2fd82f73821453 -> 7bde3b1f1a739711a690cca5a607b678
  custom:scripting/monoscript/fileName/WeaponData.cs: d32674dace5182e33c40d54c6b2cd7e9 -> 06f4102c9c039affa2d4f7ee88bde160
  custom:scripting/monoscript/fileName/BallisticMethods.cs: e78082f42c4037b33428bd4a474cc20b -> 1fae31425de50316fb7ed8f82754c85f
  custom:audio-encoder-webm-vorbis: bf7c407c2cedff20999df2af8eb42d56 -> 
  custom:scripting/monoscript/fileName/InventoryController.cs: 8f54963daddf1bc577765b41fa5a5b11 -> 8322ed622adc316a0e1780953832d2f6
  custom:scripting/monoscript/fileName/PlayerController_Inspector.cs: e11937125d9f59d849e08b7e8f47f523 -> bded040cfaa3aefe61a946278beeb111
  custom:video-codec-MediaFoundation-h265: 746d11721c4dcdbdad8f713fa42b33f4 -> 
  custom:scripting/monoscript/fileName/WeaponController.cs: eff195c7250a2f0381f416043148b56e -> b24a142813562abdf90c619f99201081
  custom:scripting/monoscript/fileName/MathematicsDrawers.cs: f55ff2195245c57ad8dd4ae275cfa5b5 -> 
  custom:video-decoder-ogg-theora: a1e56fd34408186e4bbccfd4996cb3dc -> 
  custom:scripting/monoscript/fileName/WindManager.cs: 277738f437e4ed2be5fbea91bac66f45 -> cba51479f35e7bfbfccfabacddaf093c
  custom:scripting/monoscript/fileName/Utils.cs: 738399b889b9c1ef2a46bc8b708e4f36 -> 065485c1404def0eac633ace74af67da
  custom:CustomObjectIndexerAttribute: 6d391050e5a25f67b0a2c618074f2cd9 -> 
  custom:container-demuxer-webm: 4f35f7cbe854078d1ac9338744f61a02 -> 
  custom:scripting/monoscript/fileName/ProjectileController.cs: ca3073885f6c90ffb9cf3d7f5a257f02 -> c42e94e8ce150302e05ce34b5caf34c5
  custom:scripting/monoscript/fileName/RequiredPropertyDrawer.cs: df55a1f60369373e5f65b899d1b2920f -> 51961cad30f041e0fd8635c70c2dc474
  custom:scripting/monoscript/fileName/ProjectileData.cs: 78cf153c0e901184e913b64700924582 -> df2689abdba961d9dcd844f6531b60c1
  custom:video-encoder-webm-vp8: eb34c28f22e8b96e1ab97ce403110664 -> 
========================================================================
Received Prepare
Begin MonoManager ReloadAssembly
- Loaded All Assemblies, in  0.502 seconds
Refreshing native plugins compatible for Editor in 3.27 ms, found 3 plugins.
Native extension for UWP target not found
Native extension for LinuxStandalone target not found
Native extension for WindowsStandalone target not found
Native extension for Android target not found
Native extension for WebGL target not found
[Package Manager] Server::EnsureServerProcessIsRunning -- launch failed, reason: Unity was launched with the -noUpm command-line argument
[Package Manager] UpmClient::Send -- Unable to send message (not connected to UPM process).
[Package Manager] Cannot connect to Unity Package Manager local server
Mono: successfully reloaded assembly
- Finished resetting the current domain, in  1.476 seconds
Domain Reload Profiling: 1976ms
	BeginReloadAssembly (161ms)
		ExecutionOrderSort (0ms)
		DisableScriptedObjects (5ms)
		BackupInstance (0ms)
		ReleaseScriptingObjects (0ms)
		CreateAndSetChildDomain (41ms)
	RebuildCommonClasses (31ms)
	RebuildNativeTypeToScriptingClass (11ms)
	initialDomainReloadingComplete (29ms)
	LoadAllAssembliesAndSetupDomain (267ms)
		LoadAssemblies (279ms)
		RebuildTransferFunctionScriptingTraits (0ms)
		AnalyzeDomain (66ms)
			TypeCache.Refresh (10ms)
				TypeCache.ScanAssembly (0ms)
			ScanForSourceGeneratedMonoScriptInfo (42ms)
			ResolveRequiredComponents (11ms)
	FinalizeReload (1477ms)
		ReleaseScriptCaches (0ms)
		RebuildScriptCaches (0ms)
		SetupLoadedEditorAssemblies (613ms)
			LogAssemblyErrors (0ms)
			InitializePlatformSupportModulesInManaged (30ms)
			SetLoadedEditorAssemblies (3ms)
			RefreshPlugins (0ms)
			BeforeProcessingInitializeOnLoad (73ms)
			ProcessInitializeOnLoadAttributes (476ms)
			ProcessInitializeOnLoadMethodAttributes (24ms)
			AfterProcessingInitializeOnLoad (7ms)
			EditorAssembliesLoaded (0ms)
		ExecutionOrderSort2 (0ms)
		AwakeInstancesAfterBackupRestoration (40ms)
Refreshing native plugins compatible for Editor in 3.37 ms, found 3 plugins.
Preloading 0 native plugins for Editor in 0.00 ms.
Unloading 6285 Unused Serialized files (Serialized files now loaded: 0)
Unloading 73 unused Assets / (3.6 MB). Loaded Objects now: 7132.
Memory consumption went from 276.9 MB to 273.3 MB.
Total: 4.086000 ms (FindLiveObjects: 0.429600 ms CreateObjectMapping: 0.427600 ms MarkObjects: 2.772500 ms  DeleteObjects: 0.455400 ms)

Prepare: number of updated asset objects reloaded= 0
AssetImportParameters requested are different than current active one (requested -> active):
  custom:scripting/monoscript/fileName/PositionPreviewer.cs: f5e89315b7dd0fd1721d2efda9b0bb3b -> 973c971ad8634361ae6b0bf60096b746
  custom:container-demuxer-ogg: 62fdf1f143b41e24485cea50d1cbac27 -> 
  custom:framework-win-MediaFoundation: 216162199b28c13a410421893ffa2e32 -> 
  custom:scripting/monoscript/fileName/CallbacksRedirector.cs: 53f15a271dfcb83835024134e2ef1c0d -> 366b8bfb1e5b31061b1f8b8c228b4969
  custom:scripting/monoscript/fileName/PlayerController.cs: 0aec31476f55370a5ff7e930ca2cc1f8 -> 35fea1dfd941426596ad0f070833c712
  custom:scripting/monoscript/fileName/Player_Inspector.cs: 46dfdf4be1458cd09f89a42eca0683d1 -> 
  custom:scripting/monoscript/fileName/QuaternionUtil.cs: d1ff4e9fffe9b2524c0f0d1e702f0a38 -> d33880fd0cfa9479a6dee02d93937b6e
  custom:scripting/monoscript/fileName/ProjectilePool.cs: 5a8b7382be94e03c222afe44eaec8367 -> 3176366f6d92604054e8021eb8929ac8
  custom:container-muxer-webm: aa71ff27fc2769a1b78a27578f13a17b -> 
  custom:video-decoder-webm-vp8: 9c59270c3fd7afecdb556c50c9e8de78 -> 
  custom:scripting/monoscript/fileName/ItemData.cs: b8f05b556ef06ba02d0f1b95c159a2f0 -> 1b4ee171ea329a3b8c45ba9c0f8d848f
  custom:SearchIndexIgnoredProperties: e643bd26f0fe6173181afceb89e7c659 -> 
  custom:AudioImporter_EditorPlatform: d09bf68614088b80899f8185d706f6e7 -> 
  custom:scripting/monoscript/fileName/RequiredAttribute.cs: f4c5a9d83edf5f7a258c4ed00b26f03d -> cb1dd9ba3b7ade1b8b988c3992487acc
  custom:audio-decoder-ogg-vorbis: bf7c407c2cedff20999df2af8eb42d56 -> 
  custom:scripting/monoscript/fileName/Item.cs: aa1d27623597d875fb2fd82f73821453 -> 7bde3b1f1a739711a690cca5a607b678
  custom:scripting/monoscript/fileName/WeaponData.cs: d32674dace5182e33c40d54c6b2cd7e9 -> 06f4102c9c039affa2d4f7ee88bde160
  custom:scripting/monoscript/fileName/BallisticMethods.cs: e78082f42c4037b33428bd4a474cc20b -> 1fae31425de50316fb7ed8f82754c85f
  custom:audio-encoder-webm-vorbis: bf7c407c2cedff20999df2af8eb42d56 -> 
  custom:scripting/monoscript/fileName/InventoryController.cs: 8f54963daddf1bc577765b41fa5a5b11 -> 8322ed622adc316a0e1780953832d2f6
  custom:scripting/monoscript/fileName/PlayerController_Inspector.cs: e11937125d9f59d849e08b7e8f47f523 -> bded040cfaa3aefe61a946278beeb111
  custom:video-codec-MediaFoundation-h265: 746d11721c4dcdbdad8f713fa42b33f4 -> 
  custom:scripting/monoscript/fileName/WeaponController.cs: eff195c7250a2f0381f416043148b56e -> b24a142813562abdf90c619f99201081
  custom:scripting/monoscript/fileName/MathematicsDrawers.cs: f55ff2195245c57ad8dd4ae275cfa5b5 -> 
  custom:video-decoder-ogg-theora: a1e56fd34408186e4bbccfd4996cb3dc -> 
  custom:scripting/monoscript/fileName/WindManager.cs: 277738f437e4ed2be5fbea91bac66f45 -> cba51479f35e7bfbfccfabacddaf093c
  custom:scripting/monoscript/fileName/Utils.cs: 738399b889b9c1ef2a46bc8b708e4f36 -> 065485c1404def0eac633ace74af67da
  custom:CustomObjectIndexerAttribute: 6d391050e5a25f67b0a2c618074f2cd9 -> 
  custom:container-demuxer-webm: 4f35f7cbe854078d1ac9338744f61a02 -> 
  custom:scripting/monoscript/fileName/ProjectileController.cs: ca3073885f6c90ffb9cf3d7f5a257f02 -> c42e94e8ce150302e05ce34b5caf34c5
  custom:scripting/monoscript/fileName/RequiredPropertyDrawer.cs: df55a1f60369373e5f65b899d1b2920f -> 51961cad30f041e0fd8635c70c2dc474
  custom:scripting/monoscript/fileName/ProjectileData.cs: 78cf153c0e901184e913b64700924582 -> df2689abdba961d9dcd844f6531b60c1
  custom:video-encoder-webm-vp8: eb34c28f22e8b96e1ab97ce403110664 -> 
========================================================================
Received Prepare
Begin MonoManager ReloadAssembly
- Loaded All Assemblies, in  0.489 seconds
Refreshing native plugins compatible for Editor in 3.35 ms, found 3 plugins.
Native extension for UWP target not found
Native extension for LinuxStandalone target not found
Native extension for WindowsStandalone target not found
Native extension for Android target not found
Native extension for WebGL target not found
[Package Manager] Server::EnsureServerProcessIsRunning -- launch failed, reason: Unity was launched with the -noUpm command-line argument
[Package Manager] UpmClient::Send -- Unable to send message (not connected to UPM process).
[Package Manager] Cannot connect to Unity Package Manager local server
Mono: successfully reloaded assembly
- Finished resetting the current domain, in  1.516 seconds
Domain Reload Profiling: 2003ms
	BeginReloadAssembly (153ms)
		ExecutionOrderSort (0ms)
		DisableScriptedObjects (4ms)
		BackupInstance (0ms)
		ReleaseScriptingObjects (0ms)
		CreateAndSetChildDomain (38ms)
	RebuildCommonClasses (31ms)
	RebuildNativeTypeToScriptingClass (11ms)
	initialDomainReloadingComplete (28ms)
	LoadAllAssembliesAndSetupDomain (263ms)
		LoadAssemblies (273ms)
		RebuildTransferFunctionScriptingTraits (0ms)
		AnalyzeDomain (64ms)
			TypeCache.Refresh (11ms)
				TypeCache.ScanAssembly (0ms)
			ScanForSourceGeneratedMonoScriptInfo (40ms)
			ResolveRequiredComponents (11ms)
	FinalizeReload (1517ms)
		ReleaseScriptCaches (0ms)
		RebuildScriptCaches (0ms)
		SetupLoadedEditorAssemblies (640ms)
			LogAssemblyErrors (0ms)
			InitializePlatformSupportModulesInManaged (29ms)
			SetLoadedEditorAssemblies (3ms)
			RefreshPlugins (0ms)
			BeforeProcessingInitializeOnLoad (84ms)
			ProcessInitializeOnLoadAttributes (488ms)
			ProcessInitializeOnLoadMethodAttributes (29ms)
			AfterProcessingInitializeOnLoad (7ms)
			EditorAssembliesLoaded (0ms)
		ExecutionOrderSort2 (0ms)
		AwakeInstancesAfterBackupRestoration (45ms)
Refreshing native plugins compatible for Editor in 3.13 ms, found 3 plugins.
Preloading 0 native plugins for Editor in 0.00 ms.
Unloading 6285 Unused Serialized files (Serialized files now loaded: 0)
Unloading 73 unused Assets / (3.6 MB). Loaded Objects now: 7135.
Memory consumption went from 278.8 MB to 275.3 MB.
Total: 3.917400 ms (FindLiveObjects: 0.432300 ms CreateObjectMapping: 0.430400 ms MarkObjects: 2.565500 ms  DeleteObjects: 0.488300 ms)

Prepare: number of updated asset objects reloaded= 0
AssetImportParameters requested are different than current active one (requested -> active):
  custom:scripting/monoscript/fileName/PositionPreviewer.cs: f5e89315b7dd0fd1721d2efda9b0bb3b -> 973c971ad8634361ae6b0bf60096b746
  custom:container-demuxer-ogg: 62fdf1f143b41e24485cea50d1cbac27 -> 
  custom:framework-win-MediaFoundation: 216162199b28c13a410421893ffa2e32 -> 
  custom:scripting/monoscript/fileName/CallbacksRedirector.cs: 53f15a271dfcb83835024134e2ef1c0d -> 366b8bfb1e5b31061b1f8b8c228b4969
  custom:scripting/monoscript/fileName/PlayerController.cs: 0aec31476f55370a5ff7e930ca2cc1f8 -> 35fea1dfd941426596ad0f070833c712
  custom:scripting/monoscript/fileName/Player_Inspector.cs: 46dfdf4be1458cd09f89a42eca0683d1 -> 
  custom:scripting/monoscript/fileName/QuaternionUtil.cs: d1ff4e9fffe9b2524c0f0d1e702f0a38 -> d33880fd0cfa9479a6dee02d93937b6e
  custom:scripting/monoscript/fileName/ProjectilePool.cs: 5a8b7382be94e03c222afe44eaec8367 -> 3176366f6d92604054e8021eb8929ac8
  custom:container-muxer-webm: aa71ff27fc2769a1b78a27578f13a17b -> 
  custom:video-decoder-webm-vp8: 9c59270c3fd7afecdb556c50c9e8de78 -> 
  custom:scripting/monoscript/fileName/ItemData.cs: b8f05b556ef06ba02d0f1b95c159a2f0 -> 1b4ee171ea329a3b8c45ba9c0f8d848f
  custom:SearchIndexIgnoredProperties: e643bd26f0fe6173181afceb89e7c659 -> 
  custom:AudioImporter_EditorPlatform: d09bf68614088b80899f8185d706f6e7 -> 
  custom:scripting/monoscript/fileName/RequiredAttribute.cs: f4c5a9d83edf5f7a258c4ed00b26f03d -> cb1dd9ba3b7ade1b8b988c3992487acc
  custom:audio-decoder-ogg-vorbis: bf7c407c2cedff20999df2af8eb42d56 -> 
  custom:scripting/monoscript/fileName/Item.cs: aa1d27623597d875fb2fd82f73821453 -> 7bde3b1f1a739711a690cca5a607b678
  custom:scripting/monoscript/fileName/WeaponData.cs: d32674dace5182e33c40d54c6b2cd7e9 -> 06f4102c9c039affa2d4f7ee88bde160
  custom:scripting/monoscript/fileName/BallisticMethods.cs: e78082f42c4037b33428bd4a474cc20b -> 1fae31425de50316fb7ed8f82754c85f
  custom:audio-encoder-webm-vorbis: bf7c407c2cedff20999df2af8eb42d56 -> 
  custom:scripting/monoscript/fileName/InventoryController.cs: 8f54963daddf1bc577765b41fa5a5b11 -> 8322ed622adc316a0e1780953832d2f6
  custom:scripting/monoscript/fileName/PlayerController_Inspector.cs: e11937125d9f59d849e08b7e8f47f523 -> bded040cfaa3aefe61a946278beeb111
  custom:video-codec-MediaFoundation-h265: 746d11721c4dcdbdad8f713fa42b33f4 -> 
  custom:scripting/monoscript/fileName/WeaponController.cs: eff195c7250a2f0381f416043148b56e -> b24a142813562abdf90c619f99201081
  custom:scripting/monoscript/fileName/MathematicsDrawers.cs: f55ff2195245c57ad8dd4ae275cfa5b5 -> 
  custom:video-decoder-ogg-theora: a1e56fd34408186e4bbccfd4996cb3dc -> 
  custom:scripting/monoscript/fileName/WindManager.cs: 277738f437e4ed2be5fbea91bac66f45 -> cba51479f35e7bfbfccfabacddaf093c
  custom:scripting/monoscript/fileName/Utils.cs: 738399b889b9c1ef2a46bc8b708e4f36 -> 065485c1404def0eac633ace74af67da
  custom:CustomObjectIndexerAttribute: 6d391050e5a25f67b0a2c618074f2cd9 -> 
  custom:container-demuxer-webm: 4f35f7cbe854078d1ac9338744f61a02 -> 
  custom:scripting/monoscript/fileName/ProjectileController.cs: ca3073885f6c90ffb9cf3d7f5a257f02 -> c42e94e8ce150302e05ce34b5caf34c5
  custom:scripting/monoscript/fileName/RequiredPropertyDrawer.cs: df55a1f60369373e5f65b899d1b2920f -> 51961cad30f041e0fd8635c70c2dc474
  custom:scripting/monoscript/fileName/ProjectileData.cs: 78cf153c0e901184e913b64700924582 -> df2689abdba961d9dcd844f6531b60c1
  custom:video-encoder-webm-vp8: eb34c28f22e8b96e1ab97ce403110664 -> 
========================================================================
Received Prepare
Begin MonoManager ReloadAssembly
- Loaded All Assemblies, in  0.602 seconds
Refreshing native plugins compatible for Editor in 3.25 ms, found 3 plugins.
Native extension for UWP target not found
Native extension for LinuxStandalone target not found
Native extension for WindowsStandalone target not found
Native extension for Android target not found
Native extension for WebGL target not found
[Package Manager] Server::EnsureServerProcessIsRunning -- launch failed, reason: Unity was launched with the -noUpm command-line argument
[Package Manager] UpmClient::Send -- Unable to send message (not connected to UPM process).
[Package Manager] Cannot connect to Unity Package Manager local server
Mono: successfully reloaded assembly
- Finished resetting the current domain, in  1.596 seconds
Domain Reload Profiling: 2196ms
	BeginReloadAssembly (195ms)
		ExecutionOrderSort (0ms)
		DisableScriptedObjects (5ms)
		BackupInstance (0ms)
		ReleaseScriptingObjects (0ms)
		CreateAndSetChildDomain (52ms)
	RebuildCommonClasses (36ms)
	RebuildNativeTypeToScriptingClass (12ms)
	initialDomainReloadingComplete (29ms)
	LoadAllAssembliesAndSetupDomain (328ms)
		LoadAssemblies (361ms)
		RebuildTransferFunctionScriptingTraits (0ms)
		AnalyzeDomain (65ms)
			TypeCache.Refresh (10ms)
				TypeCache.ScanAssembly (0ms)
			ScanForSourceGeneratedMonoScriptInfo (43ms)
			ResolveRequiredComponents (11ms)
	FinalizeReload (1596ms)
		ReleaseScriptCaches (0ms)
		RebuildScriptCaches (0ms)
		SetupLoadedEditorAssemblies (616ms)
			LogAssemblyErrors (0ms)
			InitializePlatformSupportModulesInManaged (30ms)
			SetLoadedEditorAssemblies (3ms)
			RefreshPlugins (0ms)
			BeforeProcessingInitializeOnLoad (80ms)
			ProcessInitializeOnLoadAttributes (470ms)
			ProcessInitializeOnLoadMethodAttributes (26ms)
			AfterProcessingInitializeOnLoad (7ms)
			EditorAssembliesLoaded (0ms)
		ExecutionOrderSort2 (0ms)
		AwakeInstancesAfterBackupRestoration (42ms)
Refreshing native plugins compatible for Editor in 3.30 ms, found 3 plugins.
Preloading 0 native plugins for Editor in 0.00 ms.
Unloading 6285 Unused Serialized files (Serialized files now loaded: 0)
Unloading 73 unused Assets / (3.6 MB). Loaded Objects now: 7138.
Memory consumption went from 280.7 MB to 277.2 MB.
Total: 4.804000 ms (FindLiveObjects: 0.431700 ms CreateObjectMapping: 0.441100 ms MarkObjects: 3.374500 ms  DeleteObjects: 0.555500 ms)

Prepare: number of updated asset objects reloaded= 0
AssetImportParameters requested are different than current active one (requested -> active):
  custom:scripting/monoscript/fileName/PositionPreviewer.cs: f5e89315b7dd0fd1721d2efda9b0bb3b -> 973c971ad8634361ae6b0bf60096b746
  custom:container-demuxer-ogg: 62fdf1f143b41e24485cea50d1cbac27 -> 
  custom:framework-win-MediaFoundation: 216162199b28c13a410421893ffa2e32 -> 
  custom:scripting/monoscript/fileName/CallbacksRedirector.cs: 53f15a271dfcb83835024134e2ef1c0d -> 366b8bfb1e5b31061b1f8b8c228b4969
  custom:scripting/monoscript/fileName/PlayerController.cs: 0aec31476f55370a5ff7e930ca2cc1f8 -> 35fea1dfd941426596ad0f070833c712
  custom:scripting/monoscript/fileName/Player_Inspector.cs: 46dfdf4be1458cd09f89a42eca0683d1 -> 
  custom:scripting/monoscript/fileName/QuaternionUtil.cs: d1ff4e9fffe9b2524c0f0d1e702f0a38 -> d33880fd0cfa9479a6dee02d93937b6e
  custom:scripting/monoscript/fileName/ProjectilePool.cs: 5a8b7382be94e03c222afe44eaec8367 -> 3176366f6d92604054e8021eb8929ac8
  custom:container-muxer-webm: aa71ff27fc2769a1b78a27578f13a17b -> 
  custom:video-decoder-webm-vp8: 9c59270c3fd7afecdb556c50c9e8de78 -> 
  custom:scripting/monoscript/fileName/ItemData.cs: b8f05b556ef06ba02d0f1b95c159a2f0 -> 1b4ee171ea329a3b8c45ba9c0f8d848f
  custom:SearchIndexIgnoredProperties: e643bd26f0fe6173181afceb89e7c659 -> 
  custom:AudioImporter_EditorPlatform: d09bf68614088b80899f8185d706f6e7 -> 
  custom:scripting/monoscript/fileName/RequiredAttribute.cs: f4c5a9d83edf5f7a258c4ed00b26f03d -> cb1dd9ba3b7ade1b8b988c3992487acc
  custom:audio-decoder-ogg-vorbis: bf7c407c2cedff20999df2af8eb42d56 -> 
  custom:scripting/monoscript/fileName/Item.cs: aa1d27623597d875fb2fd82f73821453 -> 7bde3b1f1a739711a690cca5a607b678
  custom:scripting/monoscript/fileName/WeaponData.cs: d32674dace5182e33c40d54c6b2cd7e9 -> 06f4102c9c039affa2d4f7ee88bde160
  custom:scripting/monoscript/fileName/BallisticMethods.cs: e78082f42c4037b33428bd4a474cc20b -> 1fae31425de50316fb7ed8f82754c85f
  custom:audio-encoder-webm-vorbis: bf7c407c2cedff20999df2af8eb42d56 -> 
  custom:scripting/monoscript/fileName/InventoryController.cs: 8f54963daddf1bc577765b41fa5a5b11 -> 8322ed622adc316a0e1780953832d2f6
  custom:scripting/monoscript/fileName/PlayerController_Inspector.cs: e11937125d9f59d849e08b7e8f47f523 -> bded040cfaa3aefe61a946278beeb111
  custom:video-codec-MediaFoundation-h265: 746d11721c4dcdbdad8f713fa42b33f4 -> 
  custom:scripting/monoscript/fileName/WeaponController.cs: eff195c7250a2f0381f416043148b56e -> b24a142813562abdf90c619f99201081
  custom:scripting/monoscript/fileName/MathematicsDrawers.cs: f55ff2195245c57ad8dd4ae275cfa5b5 -> 
  custom:video-decoder-ogg-theora: a1e56fd34408186e4bbccfd4996cb3dc -> 
  custom:scripting/monoscript/fileName/WindManager.cs: 277738f437e4ed2be5fbea91bac66f45 -> cba51479f35e7bfbfccfabacddaf093c
  custom:scripting/monoscript/fileName/Utils.cs: 738399b889b9c1ef2a46bc8b708e4f36 -> 065485c1404def0eac633ace74af67da
  custom:CustomObjectIndexerAttribute: 6d391050e5a25f67b0a2c618074f2cd9 -> 
  custom:container-demuxer-webm: 4f35f7cbe854078d1ac9338744f61a02 -> 
  custom:scripting/monoscript/fileName/ProjectileController.cs: ca3073885f6c90ffb9cf3d7f5a257f02 -> c42e94e8ce150302e05ce34b5caf34c5
  custom:scripting/monoscript/fileName/RequiredPropertyDrawer.cs: df55a1f60369373e5f65b899d1b2920f -> 51961cad30f041e0fd8635c70c2dc474
  custom:scripting/monoscript/fileName/ProjectileData.cs: 78cf153c0e901184e913b64700924582 -> df2689abdba961d9dcd844f6531b60c1
  custom:video-encoder-webm-vp8: eb34c28f22e8b96e1ab97ce403110664 -> 
========================================================================
Received Prepare
Begin MonoManager ReloadAssembly
- Loaded All Assemblies, in  0.509 seconds
Refreshing native plugins compatible for Editor in 3.46 ms, found 3 plugins.
Native extension for UWP target not found
Native extension for LinuxStandalone target not found
Native extension for WindowsStandalone target not found
Native extension for Android target not found
Native extension for WebGL target not found
[Package Manager] Server::EnsureServerProcessIsRunning -- launch failed, reason: Unity was launched with the -noUpm command-line argument
[Package Manager] UpmClient::Send -- Unable to send message (not connected to UPM process).
[Package Manager] Cannot connect to Unity Package Manager local server
Mono: successfully reloaded assembly
- Finished resetting the current domain, in  1.593 seconds
Domain Reload Profiling: 2099ms
	BeginReloadAssembly (170ms)
		ExecutionOrderSort (0ms)
		DisableScriptedObjects (4ms)
		BackupInstance (0ms)
		ReleaseScriptingObjects (0ms)
		CreateAndSetChildDomain (49ms)
	RebuildCommonClasses (36ms)
	RebuildNativeTypeToScriptingClass (11ms)
	initialDomainReloadingComplete (28ms)
	LoadAllAssembliesAndSetupDomain (260ms)
		LoadAssemblies (266ms)
		RebuildTransferFunctionScriptingTraits (0ms)
		AnalyzeDomain (72ms)
			TypeCache.Refresh (18ms)
				TypeCache.ScanAssembly (2ms)
			ScanForSourceGeneratedMonoScriptInfo (42ms)
			ResolveRequiredComponents (10ms)
	FinalizeReload (1594ms)
		ReleaseScriptCaches (0ms)
		RebuildScriptCaches (0ms)
		SetupLoadedEditorAssemblies (700ms)
			LogAssemblyErrors (0ms)
			InitializePlatformSupportModulesInManaged (32ms)
			SetLoadedEditorAssemblies (3ms)
			RefreshPlugins (0ms)
			BeforeProcessingInitializeOnLoad (108ms)
			ProcessInitializeOnLoadAttributes (521ms)
			ProcessInitializeOnLoadMethodAttributes (28ms)
			AfterProcessingInitializeOnLoad (9ms)
			EditorAssembliesLoaded (0ms)
		ExecutionOrderSort2 (0ms)
		AwakeInstancesAfterBackupRestoration (54ms)
Refreshing native plugins compatible for Editor in 3.33 ms, found 3 plugins.
Preloading 0 native plugins for Editor in 0.00 ms.
Unloading 6285 Unused Serialized files (Serialized files now loaded: 0)
Unloading 73 unused Assets / (3.6 MB). Loaded Objects now: 7141.
Memory consumption went from 282.7 MB to 279.1 MB.
Total: 5.361100 ms (FindLiveObjects: 0.528900 ms CreateObjectMapping: 0.548300 ms MarkObjects: 3.767800 ms  DeleteObjects: 0.514900 ms)

Prepare: number of updated asset objects reloaded= 0
AssetImportParameters requested are different than current active one (requested -> active):
  custom:scripting/monoscript/fileName/PositionPreviewer.cs: f5e89315b7dd0fd1721d2efda9b0bb3b -> 973c971ad8634361ae6b0bf60096b746
  custom:container-demuxer-ogg: 62fdf1f143b41e24485cea50d1cbac27 -> 
  custom:framework-win-MediaFoundation: 216162199b28c13a410421893ffa2e32 -> 
  custom:scripting/monoscript/fileName/CallbacksRedirector.cs: 53f15a271dfcb83835024134e2ef1c0d -> 366b8bfb1e5b31061b1f8b8c228b4969
  custom:scripting/monoscript/fileName/PlayerController.cs: 0aec31476f55370a5ff7e930ca2cc1f8 -> 35fea1dfd941426596ad0f070833c712
  custom:scripting/monoscript/fileName/Player_Inspector.cs: 46dfdf4be1458cd09f89a42eca0683d1 -> 
  custom:scripting/monoscript/fileName/QuaternionUtil.cs: d1ff4e9fffe9b2524c0f0d1e702f0a38 -> d33880fd0cfa9479a6dee02d93937b6e
  custom:scripting/monoscript/fileName/ProjectilePool.cs: 5a8b7382be94e03c222afe44eaec8367 -> 3176366f6d92604054e8021eb8929ac8
  custom:container-muxer-webm: aa71ff27fc2769a1b78a27578f13a17b -> 
  custom:video-decoder-webm-vp8: 9c59270c3fd7afecdb556c50c9e8de78 -> 
  custom:scripting/monoscript/fileName/ItemData.cs: b8f05b556ef06ba02d0f1b95c159a2f0 -> 1b4ee171ea329a3b8c45ba9c0f8d848f
  custom:SearchIndexIgnoredProperties: e643bd26f0fe6173181afceb89e7c659 -> 
  custom:AudioImporter_EditorPlatform: d09bf68614088b80899f8185d706f6e7 -> 
  custom:scripting/monoscript/fileName/RequiredAttribute.cs: f4c5a9d83edf5f7a258c4ed00b26f03d -> cb1dd9ba3b7ade1b8b988c3992487acc
  custom:audio-decoder-ogg-vorbis: bf7c407c2cedff20999df2af8eb42d56 -> 
  custom:scripting/monoscript/fileName/Item.cs: aa1d27623597d875fb2fd82f73821453 -> 7bde3b1f1a739711a690cca5a607b678
  custom:scripting/monoscript/fileName/WeaponData.cs: d32674dace5182e33c40d54c6b2cd7e9 -> 06f4102c9c039affa2d4f7ee88bde160
  custom:scripting/monoscript/fileName/BallisticMethods.cs: e78082f42c4037b33428bd4a474cc20b -> 1fae31425de50316fb7ed8f82754c85f
  custom:audio-encoder-webm-vorbis: bf7c407c2cedff20999df2af8eb42d56 -> 
  custom:scripting/monoscript/fileName/InventoryController.cs: 8f54963daddf1bc577765b41fa5a5b11 -> 8322ed622adc316a0e1780953832d2f6
  custom:scripting/monoscript/fileName/PlayerController_Inspector.cs: e11937125d9f59d849e08b7e8f47f523 -> bded040cfaa3aefe61a946278beeb111
  custom:video-codec-MediaFoundation-h265: 746d11721c4dcdbdad8f713fa42b33f4 -> 
  custom:scripting/monoscript/fileName/WeaponController.cs: eff195c7250a2f0381f416043148b56e -> b24a142813562abdf90c619f99201081
  custom:scripting/monoscript/fileName/MathematicsDrawers.cs: f55ff2195245c57ad8dd4ae275cfa5b5 -> 
  custom:video-decoder-ogg-theora: a1e56fd34408186e4bbccfd4996cb3dc -> 
  custom:scripting/monoscript/fileName/WindManager.cs: 277738f437e4ed2be5fbea91bac66f45 -> cba51479f35e7bfbfccfabacddaf093c
  custom:scripting/monoscript/fileName/Utils.cs: 738399b889b9c1ef2a46bc8b708e4f36 -> 065485c1404def0eac633ace74af67da
  custom:CustomObjectIndexerAttribute: 6d391050e5a25f67b0a2c618074f2cd9 -> 
  custom:container-demuxer-webm: 4f35f7cbe854078d1ac9338744f61a02 -> 
  custom:scripting/monoscript/fileName/ProjectileController.cs: ca3073885f6c90ffb9cf3d7f5a257f02 -> c42e94e8ce150302e05ce34b5caf34c5
  custom:scripting/monoscript/fileName/RequiredPropertyDrawer.cs: df55a1f60369373e5f65b899d1b2920f -> 51961cad30f041e0fd8635c70c2dc474
  custom:scripting/monoscript/fileName/ProjectileData.cs: 78cf153c0e901184e913b64700924582 -> df2689abdba961d9dcd844f6531b60c1
  custom:video-encoder-webm-vp8: eb34c28f22e8b96e1ab97ce403110664 -> 
========================================================================
Received Prepare
Begin MonoManager ReloadAssembly
- Loaded All Assemblies, in  0.485 seconds
Refreshing native plugins compatible for Editor in 3.16 ms, found 3 plugins.
Native extension for UWP target not found
Native extension for LinuxStandalone target not found
Native extension for WindowsStandalone target not found
Native extension for Android target not found
Native extension for WebGL target not found
[Package Manager] Server::EnsureServerProcessIsRunning -- launch failed, reason: Unity was launched with the -noUpm command-line argument
[Package Manager] UpmClient::Send -- Unable to send message (not connected to UPM process).
[Package Manager] Cannot connect to Unity Package Manager local server
Mono: successfully reloaded assembly
- Finished resetting the current domain, in  1.428 seconds
Domain Reload Profiling: 1911ms
	BeginReloadAssembly (158ms)
		ExecutionOrderSort (0ms)
		DisableScriptedObjects (6ms)
		BackupInstance (0ms)
		ReleaseScriptingObjects (0ms)
		CreateAndSetChildDomain (38ms)
	RebuildCommonClasses (30ms)
	RebuildNativeTypeToScriptingClass (11ms)
	initialDomainReloadingComplete (28ms)
	LoadAllAssembliesAndSetupDomain (254ms)
		LoadAssemblies (265ms)
		RebuildTransferFunctionScriptingTraits (0ms)
		AnalyzeDomain (63ms)
			TypeCache.Refresh (10ms)
				TypeCache.ScanAssembly (1ms)
			ScanForSourceGeneratedMonoScriptInfo (39ms)
			ResolveRequiredComponents (11ms)
	FinalizeReload (1429ms)
		ReleaseScriptCaches (0ms)
		RebuildScriptCaches (0ms)
		SetupLoadedEditorAssemblies (579ms)
			LogAssemblyErrors (0ms)
			InitializePlatformSupportModulesInManaged (28ms)
			SetLoadedEditorAssemblies (3ms)
			RefreshPlugins (0ms)
			BeforeProcessingInitializeOnLoad (71ms)
			ProcessInitializeOnLoadAttributes (448ms)
			ProcessInitializeOnLoadMethodAttributes (23ms)
			AfterProcessingInitializeOnLoad (7ms)
			EditorAssembliesLoaded (0ms)
		ExecutionOrderSort2 (0ms)
		AwakeInstancesAfterBackupRestoration (40ms)
Refreshing native plugins compatible for Editor in 3.14 ms, found 3 plugins.
Preloading 0 native plugins for Editor in 0.00 ms.
Unloading 6285 Unused Serialized files (Serialized files now loaded: 0)
Unloading 73 unused Assets / (3.6 MB). Loaded Objects now: 7144.
Memory consumption went from 284.6 MB to 281.0 MB.
Total: 4.158300 ms (FindLiveObjects: 0.515700 ms CreateObjectMapping: 0.549700 ms MarkObjects: 2.610200 ms  DeleteObjects: 0.481600 ms)

Prepare: number of updated asset objects reloaded= 0
AssetImportParameters requested are different than current active one (requested -> active):
  custom:scripting/monoscript/fileName/PositionPreviewer.cs: f5e89315b7dd0fd1721d2efda9b0bb3b -> 973c971ad8634361ae6b0bf60096b746
  custom:container-demuxer-ogg: 62fdf1f143b41e24485cea50d1cbac27 -> 
  custom:framework-win-MediaFoundation: 216162199b28c13a410421893ffa2e32 -> 
  custom:scripting/monoscript/fileName/CallbacksRedirector.cs: 53f15a271dfcb83835024134e2ef1c0d -> 366b8bfb1e5b31061b1f8b8c228b4969
  custom:scripting/monoscript/fileName/PlayerController.cs: 0aec31476f55370a5ff7e930ca2cc1f8 -> 35fea1dfd941426596ad0f070833c712
  custom:scripting/monoscript/fileName/Player_Inspector.cs: 46dfdf4be1458cd09f89a42eca0683d1 -> 
  custom:scripting/monoscript/fileName/QuaternionUtil.cs: d1ff4e9fffe9b2524c0f0d1e702f0a38 -> d33880fd0cfa9479a6dee02d93937b6e
  custom:scripting/monoscript/fileName/ProjectilePool.cs: 5a8b7382be94e03c222afe44eaec8367 -> 3176366f6d92604054e8021eb8929ac8
  custom:container-muxer-webm: aa71ff27fc2769a1b78a27578f13a17b -> 
  custom:video-decoder-webm-vp8: 9c59270c3fd7afecdb556c50c9e8de78 -> 
  custom:scripting/monoscript/fileName/ItemData.cs: b8f05b556ef06ba02d0f1b95c159a2f0 -> 1b4ee171ea329a3b8c45ba9c0f8d848f
  custom:SearchIndexIgnoredProperties: e643bd26f0fe6173181afceb89e7c659 -> 
  custom:AudioImporter_EditorPlatform: d09bf68614088b80899f8185d706f6e7 -> 
  custom:scripting/monoscript/fileName/RequiredAttribute.cs: f4c5a9d83edf5f7a258c4ed00b26f03d -> cb1dd9ba3b7ade1b8b988c3992487acc
  custom:audio-decoder-ogg-vorbis: bf7c407c2cedff20999df2af8eb42d56 -> 
  custom:scripting/monoscript/fileName/Item.cs: aa1d27623597d875fb2fd82f73821453 -> 7bde3b1f1a739711a690cca5a607b678
  custom:scripting/monoscript/fileName/WeaponData.cs: d32674dace5182e33c40d54c6b2cd7e9 -> 06f4102c9c039affa2d4f7ee88bde160
  custom:scripting/monoscript/fileName/BallisticMethods.cs: e78082f42c4037b33428bd4a474cc20b -> 1fae31425de50316fb7ed8f82754c85f
  custom:audio-encoder-webm-vorbis: bf7c407c2cedff20999df2af8eb42d56 -> 
  custom:scripting/monoscript/fileName/InventoryController.cs: 8f54963daddf1bc577765b41fa5a5b11 -> 8322ed622adc316a0e1780953832d2f6
  custom:scripting/monoscript/fileName/PlayerController_Inspector.cs: e11937125d9f59d849e08b7e8f47f523 -> bded040cfaa3aefe61a946278beeb111
  custom:video-codec-MediaFoundation-h265: 746d11721c4dcdbdad8f713fa42b33f4 -> 
  custom:scripting/monoscript/fileName/WeaponController.cs: eff195c7250a2f0381f416043148b56e -> b24a142813562abdf90c619f99201081
  custom:scripting/monoscript/fileName/MathematicsDrawers.cs: f55ff2195245c57ad8dd4ae275cfa5b5 -> 
  custom:video-decoder-ogg-theora: a1e56fd34408186e4bbccfd4996cb3dc -> 
  custom:scripting/monoscript/fileName/WindManager.cs: 277738f437e4ed2be5fbea91bac66f45 -> cba51479f35e7bfbfccfabacddaf093c
  custom:scripting/monoscript/fileName/Utils.cs: 738399b889b9c1ef2a46bc8b708e4f36 -> 065485c1404def0eac633ace74af67da
  custom:CustomObjectIndexerAttribute: 6d391050e5a25f67b0a2c618074f2cd9 -> 
  custom:container-demuxer-webm: 4f35f7cbe854078d1ac9338744f61a02 -> 
  custom:scripting/monoscript/fileName/ProjectileController.cs: ca3073885f6c90ffb9cf3d7f5a257f02 -> c42e94e8ce150302e05ce34b5caf34c5
  custom:scripting/monoscript/fileName/RequiredPropertyDrawer.cs: df55a1f60369373e5f65b899d1b2920f -> 51961cad30f041e0fd8635c70c2dc474
  custom:scripting/monoscript/fileName/ProjectileData.cs: 78cf153c0e901184e913b64700924582 -> df2689abdba961d9dcd844f6531b60c1
  custom:video-encoder-webm-vp8: eb34c28f22e8b96e1ab97ce403110664 -> 
========================================================================
Received Prepare
Begin MonoManager ReloadAssembly
- Loaded All Assemblies, in  0.484 seconds
Refreshing native plugins compatible for Editor in 3.20 ms, found 3 plugins.
Native extension for UWP target not found
Native extension for LinuxStandalone target not found
Native extension for WindowsStandalone target not found
Native extension for Android target not found
Native extension for WebGL target not found
[Package Manager] Server::EnsureServerProcessIsRunning -- launch failed, reason: Unity was launched with the -noUpm command-line argument
[Package Manager] UpmClient::Send -- Unable to send message (not connected to UPM process).
[Package Manager] Cannot connect to Unity Package Manager local server
Mono: successfully reloaded assembly
- Finished resetting the current domain, in  1.444 seconds
Domain Reload Profiling: 1926ms
	BeginReloadAssembly (154ms)
		ExecutionOrderSort (0ms)
		DisableScriptedObjects (5ms)
		BackupInstance (0ms)
		ReleaseScriptingObjects (0ms)
		CreateAndSetChildDomain (36ms)
	RebuildCommonClasses (31ms)
	RebuildNativeTypeToScriptingClass (11ms)
	initialDomainReloadingComplete (28ms)
	LoadAllAssembliesAndSetupDomain (257ms)
		LoadAssemblies (269ms)
		RebuildTransferFunctionScriptingTraits (0ms)
		AnalyzeDomain (63ms)
			TypeCache.Refresh (10ms)
				TypeCache.ScanAssembly (0ms)
			ScanForSourceGeneratedMonoScriptInfo (41ms)
			ResolveRequiredComponents (10ms)
	FinalizeReload (1445ms)
		ReleaseScriptCaches (0ms)
		RebuildScriptCaches (0ms)
		SetupLoadedEditorAssemblies (580ms)
			LogAssemblyErrors (0ms)
			InitializePlatformSupportModulesInManaged (28ms)
			SetLoadedEditorAssemblies (3ms)
			RefreshPlugins (0ms)
			BeforeProcessingInitializeOnLoad (73ms)
			ProcessInitializeOnLoadAttributes (445ms)
			ProcessInitializeOnLoadMethodAttributes (24ms)
			AfterProcessingInitializeOnLoad (7ms)
			EditorAssembliesLoaded (0ms)
		ExecutionOrderSort2 (0ms)
		AwakeInstancesAfterBackupRestoration (38ms)
Refreshing native plugins compatible for Editor in 3.33 ms, found 3 plugins.
Preloading 0 native plugins for Editor in 0.00 ms.
Unloading 6285 Unused Serialized files (Serialized files now loaded: 0)
Unloading 73 unused Assets / (3.6 MB). Loaded Objects now: 7147.
Memory consumption went from 286.5 MB to 283.0 MB.
Total: 4.540000 ms (FindLiveObjects: 0.502600 ms CreateObjectMapping: 0.523000 ms MarkObjects: 2.939100 ms  DeleteObjects: 0.574200 ms)

Prepare: number of updated asset objects reloaded= 0
AssetImportParameters requested are different than current active one (requested -> active):
  custom:scripting/monoscript/fileName/PositionPreviewer.cs: f5e89315b7dd0fd1721d2efda9b0bb3b -> 973c971ad8634361ae6b0bf60096b746
  custom:container-demuxer-ogg: 62fdf1f143b41e24485cea50d1cbac27 -> 
  custom:framework-win-MediaFoundation: 216162199b28c13a410421893ffa2e32 -> 
  custom:scripting/monoscript/fileName/CallbacksRedirector.cs: 53f15a271dfcb83835024134e2ef1c0d -> 366b8bfb1e5b31061b1f8b8c228b4969
  custom:scripting/monoscript/fileName/PlayerController.cs: 0aec31476f55370a5ff7e930ca2cc1f8 -> 35fea1dfd941426596ad0f070833c712
  custom:scripting/monoscript/fileName/Player_Inspector.cs: 46dfdf4be1458cd09f89a42eca0683d1 -> 
  custom:scripting/monoscript/fileName/QuaternionUtil.cs: d1ff4e9fffe9b2524c0f0d1e702f0a38 -> d33880fd0cfa9479a6dee02d93937b6e
  custom:scripting/monoscript/fileName/ProjectilePool.cs: 5a8b7382be94e03c222afe44eaec8367 -> 3176366f6d92604054e8021eb8929ac8
  custom:container-muxer-webm: aa71ff27fc2769a1b78a27578f13a17b -> 
  custom:video-decoder-webm-vp8: 9c59270c3fd7afecdb556c50c9e8de78 -> 
  custom:scripting/monoscript/fileName/ItemData.cs: b8f05b556ef06ba02d0f1b95c159a2f0 -> 1b4ee171ea329a3b8c45ba9c0f8d848f
  custom:SearchIndexIgnoredProperties: e643bd26f0fe6173181afceb89e7c659 -> 
  custom:AudioImporter_EditorPlatform: d09bf68614088b80899f8185d706f6e7 -> 
  custom:scripting/monoscript/fileName/RequiredAttribute.cs: f4c5a9d83edf5f7a258c4ed00b26f03d -> cb1dd9ba3b7ade1b8b988c3992487acc
  custom:audio-decoder-ogg-vorbis: bf7c407c2cedff20999df2af8eb42d56 -> 
  custom:scripting/monoscript/fileName/Item.cs: aa1d27623597d875fb2fd82f73821453 -> 7bde3b1f1a739711a690cca5a607b678
  custom:scripting/monoscript/fileName/WeaponData.cs: d32674dace5182e33c40d54c6b2cd7e9 -> 06f4102c9c039affa2d4f7ee88bde160
  custom:scripting/monoscript/fileName/BallisticMethods.cs: e78082f42c4037b33428bd4a474cc20b -> 1fae31425de50316fb7ed8f82754c85f
  custom:audio-encoder-webm-vorbis: bf7c407c2cedff20999df2af8eb42d56 -> 
  custom:scripting/monoscript/fileName/InventoryController.cs: 8f54963daddf1bc577765b41fa5a5b11 -> 8322ed622adc316a0e1780953832d2f6
  custom:scripting/monoscript/fileName/PlayerController_Inspector.cs: e11937125d9f59d849e08b7e8f47f523 -> bded040cfaa3aefe61a946278beeb111
  custom:video-codec-MediaFoundation-h265: 746d11721c4dcdbdad8f713fa42b33f4 -> 
  custom:scripting/monoscript/fileName/WeaponController.cs: eff195c7250a2f0381f416043148b56e -> b24a142813562abdf90c619f99201081
  custom:scripting/monoscript/fileName/MathematicsDrawers.cs: f55ff2195245c57ad8dd4ae275cfa5b5 -> 
  custom:video-decoder-ogg-theora: a1e56fd34408186e4bbccfd4996cb3dc -> 
  custom:scripting/monoscript/fileName/WindManager.cs: 277738f437e4ed2be5fbea91bac66f45 -> cba51479f35e7bfbfccfabacddaf093c
  custom:scripting/monoscript/fileName/Utils.cs: 738399b889b9c1ef2a46bc8b708e4f36 -> 065485c1404def0eac633ace74af67da
  custom:CustomObjectIndexerAttribute: 6d391050e5a25f67b0a2c618074f2cd9 -> 
  custom:container-demuxer-webm: 4f35f7cbe854078d1ac9338744f61a02 -> 
  custom:scripting/monoscript/fileName/ProjectileController.cs: ca3073885f6c90ffb9cf3d7f5a257f02 -> c42e94e8ce150302e05ce34b5caf34c5
  custom:scripting/monoscript/fileName/RequiredPropertyDrawer.cs: df55a1f60369373e5f65b899d1b2920f -> 51961cad30f041e0fd8635c70c2dc474
  custom:scripting/monoscript/fileName/ProjectileData.cs: 78cf153c0e901184e913b64700924582 -> df2689abdba961d9dcd844f6531b60c1
  custom:video-encoder-webm-vp8: eb34c28f22e8b96e1ab97ce403110664 -> 
========================================================================
Received Prepare
Begin MonoManager ReloadAssembly
- Loaded All Assemblies, in  0.742 seconds
Refreshing native plugins compatible for Editor in 4.38 ms, found 3 plugins.
Native extension for UWP target not found
Native extension for LinuxStandalone target not found
Native extension for WindowsStandalone target not found
Native extension for Android target not found
Native extension for WebGL target not found
[Package Manager] Server::EnsureServerProcessIsRunning -- launch failed, reason: Unity was launched with the -noUpm command-line argument
[Package Manager] UpmClient::Send -- Unable to send message (not connected to UPM process).
[Package Manager] Cannot connect to Unity Package Manager local server
Mono: successfully reloaded assembly
- Finished resetting the current domain, in  1.592 seconds
Domain Reload Profiling: 2331ms
	BeginReloadAssembly (163ms)
		ExecutionOrderSort (0ms)
		DisableScriptedObjects (4ms)
		BackupInstance (0ms)
		ReleaseScriptingObjects (0ms)
		CreateAndSetChildDomain (40ms)
	RebuildCommonClasses (76ms)
	RebuildNativeTypeToScriptingClass (20ms)
	initialDomainReloadingComplete (53ms)
	LoadAllAssembliesAndSetupDomain (426ms)
		LoadAssemblies (417ms)
		RebuildTransferFunctionScriptingTraits (0ms)
		AnalyzeDomain (91ms)
			TypeCache.Refresh (14ms)
				TypeCache.ScanAssembly (1ms)
			ScanForSourceGeneratedMonoScriptInfo (59ms)
			ResolveRequiredComponents (16ms)
	FinalizeReload (1593ms)
		ReleaseScriptCaches (0ms)
		RebuildScriptCaches (0ms)
		SetupLoadedEditorAssemblies (644ms)
			LogAssemblyErrors (0ms)
			InitializePlatformSupportModulesInManaged (30ms)
			SetLoadedEditorAssemblies (3ms)
			RefreshPlugins (0ms)
			BeforeProcessingInitializeOnLoad (74ms)
			ProcessInitializeOnLoadAttributes (491ms)
			ProcessInitializeOnLoadMethodAttributes (39ms)
			AfterProcessingInitializeOnLoad (7ms)
			EditorAssembliesLoaded (0ms)
		ExecutionOrderSort2 (0ms)
		AwakeInstancesAfterBackupRestoration (45ms)
Refreshing native plugins compatible for Editor in 3.13 ms, found 3 plugins.
Preloading 0 native plugins for Editor in 0.00 ms.
Unloading 6285 Unused Serialized files (Serialized files now loaded: 0)
Unloading 73 unused Assets / (3.6 MB). Loaded Objects now: 7150.
Memory consumption went from 288.4 MB to 284.9 MB.
Total: 4.051700 ms (FindLiveObjects: 0.445800 ms CreateObjectMapping: 0.441700 ms MarkObjects: 2.706100 ms  DeleteObjects: 0.456900 ms)

Prepare: number of updated asset objects reloaded= 0
AssetImportParameters requested are different than current active one (requested -> active):
  custom:scripting/monoscript/fileName/PositionPreviewer.cs: f5e89315b7dd0fd1721d2efda9b0bb3b -> 973c971ad8634361ae6b0bf60096b746
  custom:container-demuxer-ogg: 62fdf1f143b41e24485cea50d1cbac27 -> 
  custom:framework-win-MediaFoundation: 216162199b28c13a410421893ffa2e32 -> 
  custom:scripting/monoscript/fileName/CallbacksRedirector.cs: 53f15a271dfcb83835024134e2ef1c0d -> 366b8bfb1e5b31061b1f8b8c228b4969
  custom:scripting/monoscript/fileName/PlayerController.cs: 0aec31476f55370a5ff7e930ca2cc1f8 -> 35fea1dfd941426596ad0f070833c712
  custom:scripting/monoscript/fileName/Player_Inspector.cs: 46dfdf4be1458cd09f89a42eca0683d1 -> 
  custom:scripting/monoscript/fileName/QuaternionUtil.cs: d1ff4e9fffe9b2524c0f0d1e702f0a38 -> d33880fd0cfa9479a6dee02d93937b6e
  custom:scripting/monoscript/fileName/ProjectilePool.cs: 5a8b7382be94e03c222afe44eaec8367 -> 3176366f6d92604054e8021eb8929ac8
  custom:container-muxer-webm: aa71ff27fc2769a1b78a27578f13a17b -> 
  custom:video-decoder-webm-vp8: 9c59270c3fd7afecdb556c50c9e8de78 -> 
  custom:scripting/monoscript/fileName/ItemData.cs: b8f05b556ef06ba02d0f1b95c159a2f0 -> 1b4ee171ea329a3b8c45ba9c0f8d848f
  custom:SearchIndexIgnoredProperties: e643bd26f0fe6173181afceb89e7c659 -> 
  custom:AudioImporter_EditorPlatform: d09bf68614088b80899f8185d706f6e7 -> 
  custom:scripting/monoscript/fileName/RequiredAttribute.cs: f4c5a9d83edf5f7a258c4ed00b26f03d -> cb1dd9ba3b7ade1b8b988c3992487acc
  custom:audio-decoder-ogg-vorbis: bf7c407c2cedff20999df2af8eb42d56 -> 
  custom:scripting/monoscript/fileName/Item.cs: aa1d27623597d875fb2fd82f73821453 -> 7bde3b1f1a739711a690cca5a607b678
  custom:scripting/monoscript/fileName/WeaponData.cs: d32674dace5182e33c40d54c6b2cd7e9 -> 06f4102c9c039affa2d4f7ee88bde160
  custom:scripting/monoscript/fileName/BallisticMethods.cs: e78082f42c4037b33428bd4a474cc20b -> 1fae31425de50316fb7ed8f82754c85f
  custom:audio-encoder-webm-vorbis: bf7c407c2cedff20999df2af8eb42d56 -> 
  custom:scripting/monoscript/fileName/InventoryController.cs: 8f54963daddf1bc577765b41fa5a5b11 -> 8322ed622adc316a0e1780953832d2f6
  custom:scripting/monoscript/fileName/PlayerController_Inspector.cs: e11937125d9f59d849e08b7e8f47f523 -> bded040cfaa3aefe61a946278beeb111
  custom:video-codec-MediaFoundation-h265: 746d11721c4dcdbdad8f713fa42b33f4 -> 
  custom:scripting/monoscript/fileName/WeaponController.cs: eff195c7250a2f0381f416043148b56e -> b24a142813562abdf90c619f99201081
  custom:scripting/monoscript/fileName/MathematicsDrawers.cs: f55ff2195245c57ad8dd4ae275cfa5b5 -> 
  custom:video-decoder-ogg-theora: a1e56fd34408186e4bbccfd4996cb3dc -> 
  custom:scripting/monoscript/fileName/WindManager.cs: 277738f437e4ed2be5fbea91bac66f45 -> cba51479f35e7bfbfccfabacddaf093c
  custom:scripting/monoscript/fileName/Utils.cs: 738399b889b9c1ef2a46bc8b708e4f36 -> 065485c1404def0eac633ace74af67da
  custom:CustomObjectIndexerAttribute: 6d391050e5a25f67b0a2c618074f2cd9 -> 
  custom:container-demuxer-webm: 4f35f7cbe854078d1ac9338744f61a02 -> 
  custom:scripting/monoscript/fileName/ProjectileController.cs: ca3073885f6c90ffb9cf3d7f5a257f02 -> c42e94e8ce150302e05ce34b5caf34c5
  custom:scripting/monoscript/fileName/RequiredPropertyDrawer.cs: df55a1f60369373e5f65b899d1b2920f -> 51961cad30f041e0fd8635c70c2dc474
  custom:scripting/monoscript/fileName/ProjectileData.cs: 78cf153c0e901184e913b64700924582 -> df2689abdba961d9dcd844f6531b60c1
  custom:video-encoder-webm-vp8: eb34c28f22e8b96e1ab97ce403110664 -> 
========================================================================
Received Prepare
Begin MonoManager ReloadAssembly
- Loaded All Assemblies, in  0.550 seconds
Refreshing native plugins compatible for Editor in 3.62 ms, found 3 plugins.
Native extension for UWP target not found
Native extension for LinuxStandalone target not found
Native extension for WindowsStandalone target not found
Native extension for Android target not found
Native extension for WebGL target not found
[Package Manager] Server::EnsureServerProcessIsRunning -- launch failed, reason: Unity was launched with the -noUpm command-line argument
[Package Manager] UpmClient::Send -- Unable to send message (not connected to UPM process).
[Package Manager] Cannot connect to Unity Package Manager local server
Mono: successfully reloaded assembly
- Finished resetting the current domain, in  1.659 seconds
Domain Reload Profiling: 2207ms
	BeginReloadAssembly (179ms)
		ExecutionOrderSort (0ms)
		DisableScriptedObjects (5ms)
		BackupInstance (0ms)
		ReleaseScriptingObjects (0ms)
		CreateAndSetChildDomain (40ms)
	RebuildCommonClasses (34ms)
	RebuildNativeTypeToScriptingClass (12ms)
	initialDomainReloadingComplete (29ms)
	LoadAllAssembliesAndSetupDomain (293ms)
		LoadAssemblies (308ms)
		RebuildTransferFunctionScriptingTraits (0ms)
		AnalyzeDomain (62ms)
			TypeCache.Refresh (10ms)
				TypeCache.ScanAssembly (0ms)
			ScanForSourceGeneratedMonoScriptInfo (39ms)
			ResolveRequiredComponents (11ms)
	FinalizeReload (1660ms)
		ReleaseScriptCaches (0ms)
		RebuildScriptCaches (0ms)
		SetupLoadedEditorAssemblies (683ms)
			LogAssemblyErrors (0ms)
			InitializePlatformSupportModulesInManaged (32ms)
			SetLoadedEditorAssemblies (3ms)
			RefreshPlugins (0ms)
			BeforeProcessingInitializeOnLoad (93ms)
			ProcessInitializeOnLoadAttributes (524ms)
			ProcessInitializeOnLoadMethodAttributes (24ms)
			AfterProcessingInitializeOnLoad (7ms)
			EditorAssembliesLoaded (0ms)
		ExecutionOrderSort2 (0ms)
		AwakeInstancesAfterBackupRestoration (42ms)
Refreshing native plugins compatible for Editor in 3.30 ms, found 3 plugins.
Preloading 0 native plugins for Editor in 0.00 ms.
Unloading 6285 Unused Serialized files (Serialized files now loaded: 0)
Unloading 73 unused Assets / (3.6 MB). Loaded Objects now: 7153.
Memory consumption went from 290.4 MB to 286.8 MB.
Total: 3.968400 ms (FindLiveObjects: 0.442700 ms CreateObjectMapping: 0.459600 ms MarkObjects: 2.603500 ms  DeleteObjects: 0.461600 ms)

Prepare: number of updated asset objects reloaded= 0
AssetImportParameters requested are different than current active one (requested -> active):
  custom:scripting/monoscript/fileName/PositionPreviewer.cs: f5e89315b7dd0fd1721d2efda9b0bb3b -> 973c971ad8634361ae6b0bf60096b746
  custom:container-demuxer-ogg: 62fdf1f143b41e24485cea50d1cbac27 -> 
  custom:framework-win-MediaFoundation: 216162199b28c13a410421893ffa2e32 -> 
  custom:scripting/monoscript/fileName/CallbacksRedirector.cs: 53f15a271dfcb83835024134e2ef1c0d -> 366b8bfb1e5b31061b1f8b8c228b4969
  custom:scripting/monoscript/fileName/PlayerController.cs: 0aec31476f55370a5ff7e930ca2cc1f8 -> 35fea1dfd941426596ad0f070833c712
  custom:scripting/monoscript/fileName/Player_Inspector.cs: 46dfdf4be1458cd09f89a42eca0683d1 -> 
  custom:scripting/monoscript/fileName/QuaternionUtil.cs: d1ff4e9fffe9b2524c0f0d1e702f0a38 -> d33880fd0cfa9479a6dee02d93937b6e
  custom:scripting/monoscript/fileName/ProjectilePool.cs: 5a8b7382be94e03c222afe44eaec8367 -> 3176366f6d92604054e8021eb8929ac8
  custom:container-muxer-webm: aa71ff27fc2769a1b78a27578f13a17b -> 
  custom:video-decoder-webm-vp8: 9c59270c3fd7afecdb556c50c9e8de78 -> 
  custom:scripting/monoscript/fileName/ItemData.cs: b8f05b556ef06ba02d0f1b95c159a2f0 -> 1b4ee171ea329a3b8c45ba9c0f8d848f
  custom:SearchIndexIgnoredProperties: e643bd26f0fe6173181afceb89e7c659 -> 
  custom:AudioImporter_EditorPlatform: d09bf68614088b80899f8185d706f6e7 -> 
  custom:scripting/monoscript/fileName/RequiredAttribute.cs: f4c5a9d83edf5f7a258c4ed00b26f03d -> cb1dd9ba3b7ade1b8b988c3992487acc
  custom:audio-decoder-ogg-vorbis: bf7c407c2cedff20999df2af8eb42d56 -> 
  custom:scripting/monoscript/fileName/Item.cs: aa1d27623597d875fb2fd82f73821453 -> 7bde3b1f1a739711a690cca5a607b678
  custom:scripting/monoscript/fileName/WeaponData.cs: d32674dace5182e33c40d54c6b2cd7e9 -> 06f4102c9c039affa2d4f7ee88bde160
  custom:scripting/monoscript/fileName/BallisticMethods.cs: e78082f42c4037b33428bd4a474cc20b -> 1fae31425de50316fb7ed8f82754c85f
  custom:audio-encoder-webm-vorbis: bf7c407c2cedff20999df2af8eb42d56 -> 
  custom:scripting/monoscript/fileName/InventoryController.cs: 8f54963daddf1bc577765b41fa5a5b11 -> 8322ed622adc316a0e1780953832d2f6
  custom:scripting/monoscript/fileName/PlayerController_Inspector.cs: e11937125d9f59d849e08b7e8f47f523 -> bded040cfaa3aefe61a946278beeb111
  custom:video-codec-MediaFoundation-h265: 746d11721c4dcdbdad8f713fa42b33f4 -> 
  custom:scripting/monoscript/fileName/WeaponController.cs: eff195c7250a2f0381f416043148b56e -> b24a142813562abdf90c619f99201081
  custom:scripting/monoscript/fileName/MathematicsDrawers.cs: f55ff2195245c57ad8dd4ae275cfa5b5 -> 
  custom:video-decoder-ogg-theora: a1e56fd34408186e4bbccfd4996cb3dc -> 
  custom:scripting/monoscript/fileName/WindManager.cs: 277738f437e4ed2be5fbea91bac66f45 -> cba51479f35e7bfbfccfabacddaf093c
  custom:scripting/monoscript/fileName/Utils.cs: 738399b889b9c1ef2a46bc8b708e4f36 -> 065485c1404def0eac633ace74af67da
  custom:CustomObjectIndexerAttribute: 6d391050e5a25f67b0a2c618074f2cd9 -> 
  custom:container-demuxer-webm: 4f35f7cbe854078d1ac9338744f61a02 -> 
  custom:scripting/monoscript/fileName/ProjectileController.cs: ca3073885f6c90ffb9cf3d7f5a257f02 -> c42e94e8ce150302e05ce34b5caf34c5
  custom:scripting/monoscript/fileName/RequiredPropertyDrawer.cs: df55a1f60369373e5f65b899d1b2920f -> 51961cad30f041e0fd8635c70c2dc474
  custom:scripting/monoscript/fileName/ProjectileData.cs: 78cf153c0e901184e913b64700924582 -> df2689abdba961d9dcd844f6531b60c1
  custom:video-encoder-webm-vp8: eb34c28f22e8b96e1ab97ce403110664 -> 
========================================================================
Received Prepare
Begin MonoManager ReloadAssembly
- Loaded All Assemblies, in  0.529 seconds
Refreshing native plugins compatible for Editor in 3.21 ms, found 3 plugins.
Native extension for UWP target not found
Native extension for LinuxStandalone target not found
Native extension for WindowsStandalone target not found
Native extension for Android target not found
Native extension for WebGL target not found
[Package Manager] Server::EnsureServerProcessIsRunning -- launch failed, reason: Unity was launched with the -noUpm command-line argument
[Package Manager] UpmClient::Send -- Unable to send message (not connected to UPM process).
[Package Manager] Cannot connect to Unity Package Manager local server
Mono: successfully reloaded assembly
- Finished resetting the current domain, in  1.714 seconds
Domain Reload Profiling: 2241ms
	BeginReloadAssembly (165ms)
		ExecutionOrderSort (0ms)
		DisableScriptedObjects (6ms)
		BackupInstance (0ms)
		ReleaseScriptingObjects (0ms)
		CreateAndSetChildDomain (47ms)
	RebuildCommonClasses (32ms)
	RebuildNativeTypeToScriptingClass (11ms)
	initialDomainReloadingComplete (28ms)
	LoadAllAssembliesAndSetupDomain (290ms)
		LoadAssemblies (303ms)
		RebuildTransferFunctionScriptingTraits (0ms)
		AnalyzeDomain (63ms)
			TypeCache.Refresh (10ms)
				TypeCache.ScanAssembly (1ms)
			ScanForSourceGeneratedMonoScriptInfo (40ms)
			ResolveRequiredComponents (11ms)
	FinalizeReload (1715ms)
		ReleaseScriptCaches (0ms)
		RebuildScriptCaches (0ms)
		SetupLoadedEditorAssemblies (613ms)
			LogAssemblyErrors (0ms)
			InitializePlatformSupportModulesInManaged (40ms)
			SetLoadedEditorAssemblies (3ms)
			RefreshPlugins (0ms)
			BeforeProcessingInitializeOnLoad (75ms)
			ProcessInitializeOnLoadAttributes (464ms)
			ProcessInitializeOnLoadMethodAttributes (24ms)
			AfterProcessingInitializeOnLoad (7ms)
			EditorAssembliesLoaded (0ms)
		ExecutionOrderSort2 (0ms)
		AwakeInstancesAfterBackupRestoration (38ms)
Refreshing native plugins compatible for Editor in 3.19 ms, found 3 plugins.
Preloading 0 native plugins for Editor in 0.00 ms.
Unloading 6285 Unused Serialized files (Serialized files now loaded: 0)
Unloading 73 unused Assets / (3.6 MB). Loaded Objects now: 7156.
Memory consumption went from 292.3 MB to 288.7 MB.
Total: 4.006900 ms (FindLiveObjects: 0.419700 ms CreateObjectMapping: 0.442400 ms MarkObjects: 2.610900 ms  DeleteObjects: 0.533200 ms)

Prepare: number of updated asset objects reloaded= 0
AssetImportParameters requested are different than current active one (requested -> active):
  custom:scripting/monoscript/fileName/PositionPreviewer.cs: f5e89315b7dd0fd1721d2efda9b0bb3b -> 973c971ad8634361ae6b0bf60096b746
  custom:container-demuxer-ogg: 62fdf1f143b41e24485cea50d1cbac27 -> 
  custom:framework-win-MediaFoundation: 216162199b28c13a410421893ffa2e32 -> 
  custom:scripting/monoscript/fileName/CallbacksRedirector.cs: 53f15a271dfcb83835024134e2ef1c0d -> 366b8bfb1e5b31061b1f8b8c228b4969
  custom:scripting/monoscript/fileName/PlayerController.cs: 0aec31476f55370a5ff7e930ca2cc1f8 -> 35fea1dfd941426596ad0f070833c712
  custom:scripting/monoscript/fileName/Player_Inspector.cs: 46dfdf4be1458cd09f89a42eca0683d1 -> 
  custom:scripting/monoscript/fileName/QuaternionUtil.cs: d1ff4e9fffe9b2524c0f0d1e702f0a38 -> d33880fd0cfa9479a6dee02d93937b6e
  custom:scripting/monoscript/fileName/ProjectilePool.cs: 5a8b7382be94e03c222afe44eaec8367 -> 3176366f6d92604054e8021eb8929ac8
  custom:container-muxer-webm: aa71ff27fc2769a1b78a27578f13a17b -> 
  custom:video-decoder-webm-vp8: 9c59270c3fd7afecdb556c50c9e8de78 -> 
  custom:scripting/monoscript/fileName/ItemData.cs: b8f05b556ef06ba02d0f1b95c159a2f0 -> 1b4ee171ea329a3b8c45ba9c0f8d848f
  custom:SearchIndexIgnoredProperties: e643bd26f0fe6173181afceb89e7c659 -> 
  custom:AudioImporter_EditorPlatform: d09bf68614088b80899f8185d706f6e7 -> 
  custom:scripting/monoscript/fileName/RequiredAttribute.cs: f4c5a9d83edf5f7a258c4ed00b26f03d -> cb1dd9ba3b7ade1b8b988c3992487acc
  custom:audio-decoder-ogg-vorbis: bf7c407c2cedff20999df2af8eb42d56 -> 
  custom:scripting/monoscript/fileName/Item.cs: aa1d27623597d875fb2fd82f73821453 -> 7bde3b1f1a739711a690cca5a607b678
  custom:scripting/monoscript/fileName/WeaponData.cs: d32674dace5182e33c40d54c6b2cd7e9 -> 06f4102c9c039affa2d4f7ee88bde160
  custom:scripting/monoscript/fileName/BallisticMethods.cs: e78082f42c4037b33428bd4a474cc20b -> 1fae31425de50316fb7ed8f82754c85f
  custom:audio-encoder-webm-vorbis: bf7c407c2cedff20999df2af8eb42d56 -> 
  custom:scripting/monoscript/fileName/InventoryController.cs: 8f54963daddf1bc577765b41fa5a5b11 -> 8322ed622adc316a0e1780953832d2f6
  custom:scripting/monoscript/fileName/PlayerController_Inspector.cs: e11937125d9f59d849e08b7e8f47f523 -> bded040cfaa3aefe61a946278beeb111
  custom:video-codec-MediaFoundation-h265: 746d11721c4dcdbdad8f713fa42b33f4 -> 
  custom:scripting/monoscript/fileName/WeaponController.cs: eff195c7250a2f0381f416043148b56e -> b24a142813562abdf90c619f99201081
  custom:scripting/monoscript/fileName/MathematicsDrawers.cs: f55ff2195245c57ad8dd4ae275cfa5b5 -> 
  custom:video-decoder-ogg-theora: a1e56fd34408186e4bbccfd4996cb3dc -> 
  custom:scripting/monoscript/fileName/WindManager.cs: 277738f437e4ed2be5fbea91bac66f45 -> cba51479f35e7bfbfccfabacddaf093c
  custom:scripting/monoscript/fileName/Utils.cs: 738399b889b9c1ef2a46bc8b708e4f36 -> 065485c1404def0eac633ace74af67da
  custom:CustomObjectIndexerAttribute: 6d391050e5a25f67b0a2c618074f2cd9 -> 
  custom:container-demuxer-webm: 4f35f7cbe854078d1ac9338744f61a02 -> 
  custom:scripting/monoscript/fileName/ProjectileController.cs: ca3073885f6c90ffb9cf3d7f5a257f02 -> c42e94e8ce150302e05ce34b5caf34c5
  custom:scripting/monoscript/fileName/RequiredPropertyDrawer.cs: df55a1f60369373e5f65b899d1b2920f -> 51961cad30f041e0fd8635c70c2dc474
  custom:scripting/monoscript/fileName/ProjectileData.cs: 78cf153c0e901184e913b64700924582 -> df2689abdba961d9dcd844f6531b60c1
  custom:video-encoder-webm-vp8: eb34c28f22e8b96e1ab97ce403110664 -> 
========================================================================
Received Prepare
Begin MonoManager ReloadAssembly
- Loaded All Assemblies, in  0.499 seconds
Refreshing native plugins compatible for Editor in 3.53 ms, found 3 plugins.
Native extension for UWP target not found
Native extension for LinuxStandalone target not found
Native extension for WindowsStandalone target not found
Native extension for Android target not found
Native extension for WebGL target not found
[Package Manager] Server::EnsureServerProcessIsRunning -- launch failed, reason: Unity was launched with the -noUpm command-line argument
[Package Manager] UpmClient::Send -- Unable to send message (not connected to UPM process).
[Package Manager] Cannot connect to Unity Package Manager local server
Mono: successfully reloaded assembly
- Finished resetting the current domain, in  1.443 seconds
Domain Reload Profiling: 1939ms
	BeginReloadAssembly (168ms)
		ExecutionOrderSort (0ms)
		DisableScriptedObjects (5ms)
		BackupInstance (0ms)
		ReleaseScriptingObjects (0ms)
		CreateAndSetChildDomain (36ms)
	RebuildCommonClasses (31ms)
	RebuildNativeTypeToScriptingClass (11ms)
	initialDomainReloadingComplete (27ms)
	LoadAllAssembliesAndSetupDomain (259ms)
		LoadAssemblies (267ms)
		RebuildTransferFunctionScriptingTraits (0ms)
		AnalyzeDomain (64ms)
			TypeCache.Refresh (10ms)
				TypeCache.ScanAssembly (0ms)
			ScanForSourceGeneratedMonoScriptInfo (41ms)
			ResolveRequiredComponents (11ms)
	FinalizeReload (1443ms)
		ReleaseScriptCaches (0ms)
		RebuildScriptCaches (0ms)
		SetupLoadedEditorAssemblies (585ms)
			LogAssemblyErrors (0ms)
			InitializePlatformSupportModulesInManaged (30ms)
			SetLoadedEditorAssemblies (3ms)
			RefreshPlugins (0ms)
			BeforeProcessingInitializeOnLoad (71ms)
			ProcessInitializeOnLoadAttributes (451ms)
			ProcessInitializeOnLoadMethodAttributes (24ms)
			AfterProcessingInitializeOnLoad (7ms)
			EditorAssembliesLoaded (0ms)
		ExecutionOrderSort2 (0ms)
		AwakeInstancesAfterBackupRestoration (40ms)
Refreshing native plugins compatible for Editor in 3.20 ms, found 3 plugins.
Preloading 0 native plugins for Editor in 0.00 ms.
Unloading 6285 Unused Serialized files (Serialized files now loaded: 0)
Unloading 73 unused Assets / (3.6 MB). Loaded Objects now: 7159.
Memory consumption went from 294.2 MB to 290.6 MB.
Total: 3.926100 ms (FindLiveObjects: 0.427000 ms CreateObjectMapping: 0.423100 ms MarkObjects: 2.601700 ms  DeleteObjects: 0.473500 ms)

Prepare: number of updated asset objects reloaded= 0
AssetImportParameters requested are different than current active one (requested -> active):
  custom:scripting/monoscript/fileName/PositionPreviewer.cs: f5e89315b7dd0fd1721d2efda9b0bb3b -> 973c971ad8634361ae6b0bf60096b746
  custom:container-demuxer-ogg: 62fdf1f143b41e24485cea50d1cbac27 -> 
  custom:framework-win-MediaFoundation: 216162199b28c13a410421893ffa2e32 -> 
  custom:scripting/monoscript/fileName/CallbacksRedirector.cs: 53f15a271dfcb83835024134e2ef1c0d -> 366b8bfb1e5b31061b1f8b8c228b4969
  custom:scripting/monoscript/fileName/PlayerController.cs: 0aec31476f55370a5ff7e930ca2cc1f8 -> 35fea1dfd941426596ad0f070833c712
  custom:scripting/monoscript/fileName/Player_Inspector.cs: 46dfdf4be1458cd09f89a42eca0683d1 -> 
  custom:scripting/monoscript/fileName/QuaternionUtil.cs: d1ff4e9fffe9b2524c0f0d1e702f0a38 -> d33880fd0cfa9479a6dee02d93937b6e
  custom:scripting/monoscript/fileName/ProjectilePool.cs: 5a8b7382be94e03c222afe44eaec8367 -> 3176366f6d92604054e8021eb8929ac8
  custom:container-muxer-webm: aa71ff27fc2769a1b78a27578f13a17b -> 
  custom:video-decoder-webm-vp8: 9c59270c3fd7afecdb556c50c9e8de78 -> 
  custom:scripting/monoscript/fileName/ItemData.cs: b8f05b556ef06ba02d0f1b95c159a2f0 -> 1b4ee171ea329a3b8c45ba9c0f8d848f
  custom:SearchIndexIgnoredProperties: e643bd26f0fe6173181afceb89e7c659 -> 
  custom:AudioImporter_EditorPlatform: d09bf68614088b80899f8185d706f6e7 -> 
  custom:scripting/monoscript/fileName/RequiredAttribute.cs: f4c5a9d83edf5f7a258c4ed00b26f03d -> cb1dd9ba3b7ade1b8b988c3992487acc
  custom:audio-decoder-ogg-vorbis: bf7c407c2cedff20999df2af8eb42d56 -> 
  custom:scripting/monoscript/fileName/Item.cs: aa1d27623597d875fb2fd82f73821453 -> 7bde3b1f1a739711a690cca5a607b678
  custom:scripting/monoscript/fileName/WeaponData.cs: d32674dace5182e33c40d54c6b2cd7e9 -> 06f4102c9c039affa2d4f7ee88bde160
  custom:scripting/monoscript/fileName/BallisticMethods.cs: e78082f42c4037b33428bd4a474cc20b -> 1fae31425de50316fb7ed8f82754c85f
  custom:audio-encoder-webm-vorbis: bf7c407c2cedff20999df2af8eb42d56 -> 
  custom:scripting/monoscript/fileName/InventoryController.cs: 8f54963daddf1bc577765b41fa5a5b11 -> 8322ed622adc316a0e1780953832d2f6
  custom:scripting/monoscript/fileName/PlayerController_Inspector.cs: e11937125d9f59d849e08b7e8f47f523 -> bded040cfaa3aefe61a946278beeb111
  custom:video-codec-MediaFoundation-h265: 746d11721c4dcdbdad8f713fa42b33f4 -> 
  custom:scripting/monoscript/fileName/WeaponController.cs: eff195c7250a2f0381f416043148b56e -> b24a142813562abdf90c619f99201081
  custom:scripting/monoscript/fileName/MathematicsDrawers.cs: f55ff2195245c57ad8dd4ae275cfa5b5 -> 
  custom:video-decoder-ogg-theora: a1e56fd34408186e4bbccfd4996cb3dc -> 
  custom:scripting/monoscript/fileName/WindManager.cs: 277738f437e4ed2be5fbea91bac66f45 -> cba51479f35e7bfbfccfabacddaf093c
  custom:scripting/monoscript/fileName/Utils.cs: 738399b889b9c1ef2a46bc8b708e4f36 -> 065485c1404def0eac633ace74af67da
  custom:CustomObjectIndexerAttribute: 6d391050e5a25f67b0a2c618074f2cd9 -> 
  custom:container-demuxer-webm: 4f35f7cbe854078d1ac9338744f61a02 -> 
  custom:scripting/monoscript/fileName/ProjectileController.cs: ca3073885f6c90ffb9cf3d7f5a257f02 -> c42e94e8ce150302e05ce34b5caf34c5
  custom:scripting/monoscript/fileName/RequiredPropertyDrawer.cs: df55a1f60369373e5f65b899d1b2920f -> 51961cad30f041e0fd8635c70c2dc474
  custom:scripting/monoscript/fileName/ProjectileData.cs: 78cf153c0e901184e913b64700924582 -> df2689abdba961d9dcd844f6531b60c1
  custom:video-encoder-webm-vp8: eb34c28f22e8b96e1ab97ce403110664 -> 
========================================================================
Received Prepare
Begin MonoManager ReloadAssembly
- Loaded All Assemblies, in  0.496 seconds
Refreshing native plugins compatible for Editor in 3.24 ms, found 3 plugins.
Native extension for UWP target not found
Native extension for LinuxStandalone target not found
Native extension for WindowsStandalone target not found
Native extension for Android target not found
Native extension for WebGL target not found
[Package Manager] Server::EnsureServerProcessIsRunning -- launch failed, reason: Unity was launched with the -noUpm command-line argument
[Package Manager] UpmClient::Send -- Unable to send message (not connected to UPM process).
[Package Manager] Cannot connect to Unity Package Manager local server
Mono: successfully reloaded assembly
- Finished resetting the current domain, in  1.438 seconds
Domain Reload Profiling: 1932ms
	BeginReloadAssembly (158ms)
		ExecutionOrderSort (0ms)
		DisableScriptedObjects (4ms)
		BackupInstance (0ms)
		ReleaseScriptingObjects (0ms)
		CreateAndSetChildDomain (38ms)
	RebuildCommonClasses (31ms)
	RebuildNativeTypeToScriptingClass (11ms)
	initialDomainReloadingComplete (29ms)
	LoadAllAssembliesAndSetupDomain (264ms)
		LoadAssemblies (279ms)
		RebuildTransferFunctionScriptingTraits (0ms)
		AnalyzeDomain (62ms)
			TypeCache.Refresh (10ms)
				TypeCache.ScanAssembly (0ms)
			ScanForSourceGeneratedMonoScriptInfo (39ms)
			ResolveRequiredComponents (11ms)
	FinalizeReload (1439ms)
		ReleaseScriptCaches (0ms)
		RebuildScriptCaches (0ms)
		SetupLoadedEditorAssemblies (587ms)
			LogAssemblyErrors (0ms)
			InitializePlatformSupportModulesInManaged (28ms)
			SetLoadedEditorAssemblies (3ms)
			RefreshPlugins (0ms)
			BeforeProcessingInitializeOnLoad (70ms)
			ProcessInitializeOnLoadAttributes (455ms)
			ProcessInitializeOnLoadMethodAttributes (24ms)
			AfterProcessingInitializeOnLoad (7ms)
			EditorAssembliesLoaded (0ms)
		ExecutionOrderSort2 (0ms)
		AwakeInstancesAfterBackupRestoration (40ms)
Refreshing native plugins compatible for Editor in 3.28 ms, found 3 plugins.
Preloading 0 native plugins for Editor in 0.00 ms.
Unloading 6285 Unused Serialized files (Serialized files now loaded: 0)
Unloading 73 unused Assets / (3.6 MB). Loaded Objects now: 7162.
Memory consumption went from 296.1 MB to 292.6 MB.
Total: 4.008800 ms (FindLiveObjects: 0.426600 ms CreateObjectMapping: 0.431300 ms MarkObjects: 2.663500 ms  DeleteObjects: 0.486500 ms)

Prepare: number of updated asset objects reloaded= 0
AssetImportParameters requested are different than current active one (requested -> active):
  custom:scripting/monoscript/fileName/PositionPreviewer.cs: f5e89315b7dd0fd1721d2efda9b0bb3b -> 973c971ad8634361ae6b0bf60096b746
  custom:container-demuxer-ogg: 62fdf1f143b41e24485cea50d1cbac27 -> 
  custom:framework-win-MediaFoundation: 216162199b28c13a410421893ffa2e32 -> 
  custom:scripting/monoscript/fileName/CallbacksRedirector.cs: 53f15a271dfcb83835024134e2ef1c0d -> 366b8bfb1e5b31061b1f8b8c228b4969
  custom:scripting/monoscript/fileName/PlayerController.cs: 0aec31476f55370a5ff7e930ca2cc1f8 -> 35fea1dfd941426596ad0f070833c712
  custom:scripting/monoscript/fileName/Player_Inspector.cs: 46dfdf4be1458cd09f89a42eca0683d1 -> 
  custom:scripting/monoscript/fileName/QuaternionUtil.cs: d1ff4e9fffe9b2524c0f0d1e702f0a38 -> d33880fd0cfa9479a6dee02d93937b6e
  custom:scripting/monoscript/fileName/ProjectilePool.cs: 5a8b7382be94e03c222afe44eaec8367 -> 3176366f6d92604054e8021eb8929ac8
  custom:container-muxer-webm: aa71ff27fc2769a1b78a27578f13a17b -> 
  custom:video-decoder-webm-vp8: 9c59270c3fd7afecdb556c50c9e8de78 -> 
  custom:scripting/monoscript/fileName/ItemData.cs: b8f05b556ef06ba02d0f1b95c159a2f0 -> 1b4ee171ea329a3b8c45ba9c0f8d848f
  custom:SearchIndexIgnoredProperties: e643bd26f0fe6173181afceb89e7c659 -> 
  custom:AudioImporter_EditorPlatform: d09bf68614088b80899f8185d706f6e7 -> 
  custom:scripting/monoscript/fileName/RequiredAttribute.cs: f4c5a9d83edf5f7a258c4ed00b26f03d -> cb1dd9ba3b7ade1b8b988c3992487acc
  custom:audio-decoder-ogg-vorbis: bf7c407c2cedff20999df2af8eb42d56 -> 
  custom:scripting/monoscript/fileName/Item.cs: aa1d27623597d875fb2fd82f73821453 -> 7bde3b1f1a739711a690cca5a607b678
  custom:scripting/monoscript/fileName/WeaponData.cs: d32674dace5182e33c40d54c6b2cd7e9 -> 06f4102c9c039affa2d4f7ee88bde160
  custom:scripting/monoscript/fileName/BallisticMethods.cs: e78082f42c4037b33428bd4a474cc20b -> 1fae31425de50316fb7ed8f82754c85f
  custom:audio-encoder-webm-vorbis: bf7c407c2cedff20999df2af8eb42d56 -> 
  custom:scripting/monoscript/fileName/InventoryController.cs: 8f54963daddf1bc577765b41fa5a5b11 -> 8322ed622adc316a0e1780953832d2f6
  custom:scripting/monoscript/fileName/PlayerController_Inspector.cs: e11937125d9f59d849e08b7e8f47f523 -> bded040cfaa3aefe61a946278beeb111
  custom:video-codec-MediaFoundation-h265: 746d11721c4dcdbdad8f713fa42b33f4 -> 
  custom:scripting/monoscript/fileName/WeaponController.cs: eff195c7250a2f0381f416043148b56e -> b24a142813562abdf90c619f99201081
  custom:scripting/monoscript/fileName/MathematicsDrawers.cs: f55ff2195245c57ad8dd4ae275cfa5b5 -> 
  custom:video-decoder-ogg-theora: a1e56fd34408186e4bbccfd4996cb3dc -> 
  custom:scripting/monoscript/fileName/WindManager.cs: 277738f437e4ed2be5fbea91bac66f45 -> cba51479f35e7bfbfccfabacddaf093c
  custom:scripting/monoscript/fileName/Utils.cs: 738399b889b9c1ef2a46bc8b708e4f36 -> 065485c1404def0eac633ace74af67da
  custom:CustomObjectIndexerAttribute: 6d391050e5a25f67b0a2c618074f2cd9 -> 
  custom:container-demuxer-webm: 4f35f7cbe854078d1ac9338744f61a02 -> 
  custom:scripting/monoscript/fileName/ProjectileController.cs: ca3073885f6c90ffb9cf3d7f5a257f02 -> c42e94e8ce150302e05ce34b5caf34c5
  custom:scripting/monoscript/fileName/RequiredPropertyDrawer.cs: df55a1f60369373e5f65b899d1b2920f -> 51961cad30f041e0fd8635c70c2dc474
  custom:scripting/monoscript/fileName/ProjectileData.cs: 78cf153c0e901184e913b64700924582 -> df2689abdba961d9dcd844f6531b60c1
  custom:video-encoder-webm-vp8: eb34c28f22e8b96e1ab97ce403110664 -> 
========================================================================
Received Prepare
Begin MonoManager ReloadAssembly
- Loaded All Assemblies, in  0.477 seconds
Refreshing native plugins compatible for Editor in 3.15 ms, found 3 plugins.
Native extension for UWP target not found
Native extension for LinuxStandalone target not found
Native extension for WindowsStandalone target not found
Native extension for Android target not found
Native extension for WebGL target not found
[Package Manager] Server::EnsureServerProcessIsRunning -- launch failed, reason: Unity was launched with the -noUpm command-line argument
[Package Manager] UpmClient::Send -- Unable to send message (not connected to UPM process).
[Package Manager] Cannot connect to Unity Package Manager local server
Mono: successfully reloaded assembly
- Finished resetting the current domain, in  1.466 seconds
Domain Reload Profiling: 1941ms
	BeginReloadAssembly (151ms)
		ExecutionOrderSort (0ms)
		DisableScriptedObjects (4ms)
		BackupInstance (0ms)
		ReleaseScriptingObjects (0ms)
		CreateAndSetChildDomain (36ms)
	RebuildCommonClasses (31ms)
	RebuildNativeTypeToScriptingClass (11ms)
	initialDomainReloadingComplete (27ms)
	LoadAllAssembliesAndSetupDomain (255ms)
		LoadAssemblies (263ms)
		RebuildTransferFunctionScriptingTraits (0ms)
		AnalyzeDomain (64ms)
			TypeCache.Refresh (11ms)
				TypeCache.ScanAssembly (1ms)
			ScanForSourceGeneratedMonoScriptInfo (40ms)
			ResolveRequiredComponents (11ms)
	FinalizeReload (1466ms)
		ReleaseScriptCaches (0ms)
		RebuildScriptCaches (0ms)
		SetupLoadedEditorAssemblies (601ms)
			LogAssemblyErrors (0ms)
			InitializePlatformSupportModulesInManaged (29ms)
			SetLoadedEditorAssemblies (3ms)
			RefreshPlugins (0ms)
			BeforeProcessingInitializeOnLoad (73ms)
			ProcessInitializeOnLoadAttributes (466ms)
			ProcessInitializeOnLoadMethodAttributes (23ms)
			AfterProcessingInitializeOnLoad (7ms)
			EditorAssembliesLoaded (0ms)
		ExecutionOrderSort2 (0ms)
		AwakeInstancesAfterBackupRestoration (40ms)
Refreshing native plugins compatible for Editor in 3.17 ms, found 3 plugins.
Preloading 0 native plugins for Editor in 0.00 ms.
Unloading 6285 Unused Serialized files (Serialized files now loaded: 0)
Unloading 73 unused Assets / (3.6 MB). Loaded Objects now: 7165.
Memory consumption went from 298.1 MB to 294.5 MB.
Total: 4.523400 ms (FindLiveObjects: 0.471100 ms CreateObjectMapping: 0.483100 ms MarkObjects: 3.010900 ms  DeleteObjects: 0.557300 ms)

Prepare: number of updated asset objects reloaded= 0
AssetImportParameters requested are different than current active one (requested -> active):
  custom:scripting/monoscript/fileName/PositionPreviewer.cs: f5e89315b7dd0fd1721d2efda9b0bb3b -> 973c971ad8634361ae6b0bf60096b746
  custom:container-demuxer-ogg: 62fdf1f143b41e24485cea50d1cbac27 -> 
  custom:framework-win-MediaFoundation: 216162199b28c13a410421893ffa2e32 -> 
  custom:scripting/monoscript/fileName/CallbacksRedirector.cs: 53f15a271dfcb83835024134e2ef1c0d -> 366b8bfb1e5b31061b1f8b8c228b4969
  custom:scripting/monoscript/fileName/PlayerController.cs: 0aec31476f55370a5ff7e930ca2cc1f8 -> 35fea1dfd941426596ad0f070833c712
  custom:scripting/monoscript/fileName/Player_Inspector.cs: 46dfdf4be1458cd09f89a42eca0683d1 -> 
  custom:scripting/monoscript/fileName/QuaternionUtil.cs: d1ff4e9fffe9b2524c0f0d1e702f0a38 -> d33880fd0cfa9479a6dee02d93937b6e
  custom:scripting/monoscript/fileName/ProjectilePool.cs: 5a8b7382be94e03c222afe44eaec8367 -> 3176366f6d92604054e8021eb8929ac8
  custom:container-muxer-webm: aa71ff27fc2769a1b78a27578f13a17b -> 
  custom:video-decoder-webm-vp8: 9c59270c3fd7afecdb556c50c9e8de78 -> 
  custom:scripting/monoscript/fileName/ItemData.cs: b8f05b556ef06ba02d0f1b95c159a2f0 -> 1b4ee171ea329a3b8c45ba9c0f8d848f
  custom:SearchIndexIgnoredProperties: e643bd26f0fe6173181afceb89e7c659 -> 
  custom:AudioImporter_EditorPlatform: d09bf68614088b80899f8185d706f6e7 -> 
  custom:scripting/monoscript/fileName/RequiredAttribute.cs: f4c5a9d83edf5f7a258c4ed00b26f03d -> cb1dd9ba3b7ade1b8b988c3992487acc
  custom:audio-decoder-ogg-vorbis: bf7c407c2cedff20999df2af8eb42d56 -> 
  custom:scripting/monoscript/fileName/Item.cs: aa1d27623597d875fb2fd82f73821453 -> 7bde3b1f1a739711a690cca5a607b678
  custom:scripting/monoscript/fileName/WeaponData.cs: d32674dace5182e33c40d54c6b2cd7e9 -> 06f4102c9c039affa2d4f7ee88bde160
  custom:scripting/monoscript/fileName/BallisticMethods.cs: e78082f42c4037b33428bd4a474cc20b -> 1fae31425de50316fb7ed8f82754c85f
  custom:audio-encoder-webm-vorbis: bf7c407c2cedff20999df2af8eb42d56 -> 
  custom:scripting/monoscript/fileName/InventoryController.cs: 8f54963daddf1bc577765b41fa5a5b11 -> 8322ed622adc316a0e1780953832d2f6
  custom:scripting/monoscript/fileName/PlayerController_Inspector.cs: e11937125d9f59d849e08b7e8f47f523 -> bded040cfaa3aefe61a946278beeb111
  custom:video-codec-MediaFoundation-h265: 746d11721c4dcdbdad8f713fa42b33f4 -> 
  custom:scripting/monoscript/fileName/WeaponController.cs: eff195c7250a2f0381f416043148b56e -> b24a142813562abdf90c619f99201081
  custom:scripting/monoscript/fileName/MathematicsDrawers.cs: f55ff2195245c57ad8dd4ae275cfa5b5 -> 
  custom:video-decoder-ogg-theora: a1e56fd34408186e4bbccfd4996cb3dc -> 
  custom:scripting/monoscript/fileName/WindManager.cs: 277738f437e4ed2be5fbea91bac66f45 -> cba51479f35e7bfbfccfabacddaf093c
  custom:scripting/monoscript/fileName/Utils.cs: 738399b889b9c1ef2a46bc8b708e4f36 -> 065485c1404def0eac633ace74af67da
  custom:CustomObjectIndexerAttribute: 6d391050e5a25f67b0a2c618074f2cd9 -> 
  custom:container-demuxer-webm: 4f35f7cbe854078d1ac9338744f61a02 -> 
  custom:scripting/monoscript/fileName/ProjectileController.cs: ca3073885f6c90ffb9cf3d7f5a257f02 -> c42e94e8ce150302e05ce34b5caf34c5
  custom:scripting/monoscript/fileName/RequiredPropertyDrawer.cs: df55a1f60369373e5f65b899d1b2920f -> 51961cad30f041e0fd8635c70c2dc474
  custom:scripting/monoscript/fileName/ProjectileData.cs: 78cf153c0e901184e913b64700924582 -> df2689abdba961d9dcd844f6531b60c1
  custom:video-encoder-webm-vp8: eb34c28f22e8b96e1ab97ce403110664 -> 
========================================================================
Received Prepare
Begin MonoManager ReloadAssembly
- Loaded All Assemblies, in  0.497 seconds
Refreshing native plugins compatible for Editor in 3.23 ms, found 3 plugins.
Native extension for UWP target not found
Native extension for LinuxStandalone target not found
Native extension for WindowsStandalone target not found
Native extension for Android target not found
Native extension for WebGL target not found
[Package Manager] Server::EnsureServerProcessIsRunning -- launch failed, reason: Unity was launched with the -noUpm command-line argument
[Package Manager] UpmClient::Send -- Unable to send message (not connected to UPM process).
[Package Manager] Cannot connect to Unity Package Manager local server
Mono: successfully reloaded assembly
- Finished resetting the current domain, in  1.563 seconds
Domain Reload Profiling: 2058ms
	BeginReloadAssembly (158ms)
		ExecutionOrderSort (0ms)
		DisableScriptedObjects (4ms)
		BackupInstance (0ms)
		ReleaseScriptingObjects (0ms)
		CreateAndSetChildDomain (39ms)
	RebuildCommonClasses (32ms)
	RebuildNativeTypeToScriptingClass (11ms)
	initialDomainReloadingComplete (29ms)
	LoadAllAssembliesAndSetupDomain (264ms)
		LoadAssemblies (271ms)
		RebuildTransferFunctionScriptingTraits (0ms)
		AnalyzeDomain (67ms)
			TypeCache.Refresh (10ms)
				TypeCache.ScanAssembly (1ms)
			ScanForSourceGeneratedMonoScriptInfo (41ms)
			ResolveRequiredComponents (14ms)
	FinalizeReload (1564ms)
		ReleaseScriptCaches (0ms)
		RebuildScriptCaches (0ms)
		SetupLoadedEditorAssemblies (597ms)
			LogAssemblyErrors (0ms)
			InitializePlatformSupportModulesInManaged (29ms)
			SetLoadedEditorAssemblies (3ms)
			RefreshPlugins (0ms)
			BeforeProcessingInitializeOnLoad (72ms)
			ProcessInitializeOnLoadAttributes (460ms)
			ProcessInitializeOnLoadMethodAttributes (25ms)
			AfterProcessingInitializeOnLoad (7ms)
			EditorAssembliesLoaded (0ms)
		ExecutionOrderSort2 (0ms)
		AwakeInstancesAfterBackupRestoration (41ms)
Refreshing native plugins compatible for Editor in 3.26 ms, found 3 plugins.
Preloading 0 native plugins for Editor in 0.00 ms.
Unloading 6285 Unused Serialized files (Serialized files now loaded: 0)
Unloading 73 unused Assets / (3.6 MB). Loaded Objects now: 7168.
Memory consumption went from 300.0 MB to 296.4 MB.
Total: 4.531400 ms (FindLiveObjects: 0.452700 ms CreateObjectMapping: 0.524500 ms MarkObjects: 3.041800 ms  DeleteObjects: 0.511300 ms)

Prepare: number of updated asset objects reloaded= 0
AssetImportParameters requested are different than current active one (requested -> active):
  custom:scripting/monoscript/fileName/PositionPreviewer.cs: f5e89315b7dd0fd1721d2efda9b0bb3b -> 973c971ad8634361ae6b0bf60096b746
  custom:container-demuxer-ogg: 62fdf1f143b41e24485cea50d1cbac27 -> 
  custom:framework-win-MediaFoundation: 216162199b28c13a410421893ffa2e32 -> 
  custom:scripting/monoscript/fileName/CallbacksRedirector.cs: 53f15a271dfcb83835024134e2ef1c0d -> 366b8bfb1e5b31061b1f8b8c228b4969
  custom:scripting/monoscript/fileName/PlayerController.cs: 0aec31476f55370a5ff7e930ca2cc1f8 -> 35fea1dfd941426596ad0f070833c712
  custom:scripting/monoscript/fileName/Player_Inspector.cs: 46dfdf4be1458cd09f89a42eca0683d1 -> 
  custom:scripting/monoscript/fileName/QuaternionUtil.cs: d1ff4e9fffe9b2524c0f0d1e702f0a38 -> d33880fd0cfa9479a6dee02d93937b6e
  custom:scripting/monoscript/fileName/ProjectilePool.cs: 5a8b7382be94e03c222afe44eaec8367 -> 3176366f6d92604054e8021eb8929ac8
  custom:container-muxer-webm: aa71ff27fc2769a1b78a27578f13a17b -> 
  custom:video-decoder-webm-vp8: 9c59270c3fd7afecdb556c50c9e8de78 -> 
  custom:scripting/monoscript/fileName/ItemData.cs: b8f05b556ef06ba02d0f1b95c159a2f0 -> 1b4ee171ea329a3b8c45ba9c0f8d848f
  custom:SearchIndexIgnoredProperties: e643bd26f0fe6173181afceb89e7c659 -> 
  custom:AudioImporter_EditorPlatform: d09bf68614088b80899f8185d706f6e7 -> 
  custom:scripting/monoscript/fileName/RequiredAttribute.cs: f4c5a9d83edf5f7a258c4ed00b26f03d -> cb1dd9ba3b7ade1b8b988c3992487acc
  custom:audio-decoder-ogg-vorbis: bf7c407c2cedff20999df2af8eb42d56 -> 
  custom:scripting/monoscript/fileName/Item.cs: aa1d27623597d875fb2fd82f73821453 -> 7bde3b1f1a739711a690cca5a607b678
  custom:scripting/monoscript/fileName/WeaponData.cs: d32674dace5182e33c40d54c6b2cd7e9 -> 06f4102c9c039affa2d4f7ee88bde160
  custom:scripting/monoscript/fileName/BallisticMethods.cs: e78082f42c4037b33428bd4a474cc20b -> 1fae31425de50316fb7ed8f82754c85f
  custom:audio-encoder-webm-vorbis: bf7c407c2cedff20999df2af8eb42d56 -> 
  custom:scripting/monoscript/fileName/InventoryController.cs: 8f54963daddf1bc577765b41fa5a5b11 -> 8322ed622adc316a0e1780953832d2f6
  custom:scripting/monoscript/fileName/PlayerController_Inspector.cs: e11937125d9f59d849e08b7e8f47f523 -> bded040cfaa3aefe61a946278beeb111
  custom:video-codec-MediaFoundation-h265: 746d11721c4dcdbdad8f713fa42b33f4 -> 
  custom:scripting/monoscript/fileName/WeaponController.cs: eff195c7250a2f0381f416043148b56e -> b24a142813562abdf90c619f99201081
  custom:scripting/monoscript/fileName/MathematicsDrawers.cs: f55ff2195245c57ad8dd4ae275cfa5b5 -> 
  custom:video-decoder-ogg-theora: a1e56fd34408186e4bbccfd4996cb3dc -> 
  custom:scripting/monoscript/fileName/WindManager.cs: 277738f437e4ed2be5fbea91bac66f45 -> cba51479f35e7bfbfccfabacddaf093c
  custom:scripting/monoscript/fileName/Utils.cs: 738399b889b9c1ef2a46bc8b708e4f36 -> 065485c1404def0eac633ace74af67da
  custom:CustomObjectIndexerAttribute: 6d391050e5a25f67b0a2c618074f2cd9 -> 
  custom:container-demuxer-webm: 4f35f7cbe854078d1ac9338744f61a02 -> 
  custom:scripting/monoscript/fileName/ProjectileController.cs: ca3073885f6c90ffb9cf3d7f5a257f02 -> c42e94e8ce150302e05ce34b5caf34c5
  custom:scripting/monoscript/fileName/RequiredPropertyDrawer.cs: df55a1f60369373e5f65b899d1b2920f -> 51961cad30f041e0fd8635c70c2dc474
  custom:scripting/monoscript/fileName/ProjectileData.cs: 78cf153c0e901184e913b64700924582 -> df2689abdba961d9dcd844f6531b60c1
  custom:video-encoder-webm-vp8: eb34c28f22e8b96e1ab97ce403110664 -> 
========================================================================
Received Prepare
Begin MonoManager ReloadAssembly
- Loaded All Assemblies, in  0.448 seconds
Refreshing native plugins compatible for Editor in 3.25 ms, found 3 plugins.
Native extension for UWP target not found
Native extension for LinuxStandalone target not found
Native extension for WindowsStandalone target not found
Native extension for Android target not found
Native extension for WebGL target not found
[Package Manager] Server::EnsureServerProcessIsRunning -- launch failed, reason: Unity was launched with the -noUpm command-line argument
[Package Manager] UpmClient::Send -- Unable to send message (not connected to UPM process).
[Package Manager] Cannot connect to Unity Package Manager local server
Mono: successfully reloaded assembly
- Finished resetting the current domain, in  1.469 seconds
Domain Reload Profiling: 1915ms
	BeginReloadAssembly (154ms)
		ExecutionOrderSort (0ms)
		DisableScriptedObjects (4ms)
		BackupInstance (0ms)
		ReleaseScriptingObjects (0ms)
		CreateAndSetChildDomain (38ms)
	RebuildCommonClasses (32ms)
	RebuildNativeTypeToScriptingClass (11ms)
	initialDomainReloadingComplete (29ms)
	LoadAllAssembliesAndSetupDomain (220ms)
		LoadAssemblies (271ms)
		RebuildTransferFunctionScriptingTraits (0ms)
		AnalyzeDomain (21ms)
			TypeCache.Refresh (8ms)
				TypeCache.ScanAssembly (0ms)
			ScanForSourceGeneratedMonoScriptInfo (0ms)
			ResolveRequiredComponents (12ms)
	FinalizeReload (1470ms)
		ReleaseScriptCaches (0ms)
		RebuildScriptCaches (0ms)
		SetupLoadedEditorAssemblies (584ms)
			LogAssemblyErrors (0ms)
			InitializePlatformSupportModulesInManaged (28ms)
			SetLoadedEditorAssemblies (3ms)
			RefreshPlugins (0ms)
			BeforeProcessingInitializeOnLoad (70ms)
			ProcessInitializeOnLoadAttributes (452ms)
			ProcessInitializeOnLoadMethodAttributes (25ms)
			AfterProcessingInitializeOnLoad (7ms)
			EditorAssembliesLoaded (0ms)
		ExecutionOrderSort2 (0ms)
		AwakeInstancesAfterBackupRestoration (44ms)
Refreshing native plugins compatible for Editor in 3.27 ms, found 3 plugins.
Preloading 0 native plugins for Editor in 0.00 ms.
Unloading 6285 Unused Serialized files (Serialized files now loaded: 0)
Unloading 73 unused Assets / (3.6 MB). Loaded Objects now: 7171.
Memory consumption went from 301.9 MB to 298.4 MB.
Total: 4.155600 ms (FindLiveObjects: 0.455600 ms CreateObjectMapping: 0.496000 ms MarkObjects: 2.698300 ms  DeleteObjects: 0.505000 ms)

Prepare: number of updated asset objects reloaded= 0
AssetImportParameters requested are different than current active one (requested -> active):
  custom:scripting/monoscript/fileName/PositionPreviewer.cs: f5e89315b7dd0fd1721d2efda9b0bb3b -> 973c971ad8634361ae6b0bf60096b746
  custom:container-demuxer-ogg: 62fdf1f143b41e24485cea50d1cbac27 -> 
  custom:framework-win-MediaFoundation: 216162199b28c13a410421893ffa2e32 -> 
  custom:scripting/monoscript/fileName/CallbacksRedirector.cs: 53f15a271dfcb83835024134e2ef1c0d -> 366b8bfb1e5b31061b1f8b8c228b4969
  custom:scripting/monoscript/fileName/PlayerController.cs: 0aec31476f55370a5ff7e930ca2cc1f8 -> 35fea1dfd941426596ad0f070833c712
  custom:scripting/monoscript/fileName/Player_Inspector.cs: 46dfdf4be1458cd09f89a42eca0683d1 -> 
  custom:scripting/monoscript/fileName/QuaternionUtil.cs: d1ff4e9fffe9b2524c0f0d1e702f0a38 -> d33880fd0cfa9479a6dee02d93937b6e
  custom:scripting/monoscript/fileName/ProjectilePool.cs: 5a8b7382be94e03c222afe44eaec8367 -> 3176366f6d92604054e8021eb8929ac8
  custom:container-muxer-webm: aa71ff27fc2769a1b78a27578f13a17b -> 
  custom:video-decoder-webm-vp8: 9c59270c3fd7afecdb556c50c9e8de78 -> 
  custom:scripting/monoscript/fileName/ItemData.cs: b8f05b556ef06ba02d0f1b95c159a2f0 -> 1b4ee171ea329a3b8c45ba9c0f8d848f
  custom:SearchIndexIgnoredProperties: e643bd26f0fe6173181afceb89e7c659 -> 
  custom:AudioImporter_EditorPlatform: d09bf68614088b80899f8185d706f6e7 -> 
  custom:scripting/monoscript/fileName/RequiredAttribute.cs: f4c5a9d83edf5f7a258c4ed00b26f03d -> cb1dd9ba3b7ade1b8b988c3992487acc
  custom:audio-decoder-ogg-vorbis: bf7c407c2cedff20999df2af8eb42d56 -> 
  custom:scripting/monoscript/fileName/Item.cs: aa1d27623597d875fb2fd82f73821453 -> 7bde3b1f1a739711a690cca5a607b678
  custom:scripting/monoscript/fileName/WeaponData.cs: d32674dace5182e33c40d54c6b2cd7e9 -> 06f4102c9c039affa2d4f7ee88bde160
  custom:scripting/monoscript/fileName/BallisticMethods.cs: e78082f42c4037b33428bd4a474cc20b -> 1fae31425de50316fb7ed8f82754c85f
  custom:audio-encoder-webm-vorbis: bf7c407c2cedff20999df2af8eb42d56 -> 
  custom:scripting/monoscript/fileName/InventoryController.cs: 8f54963daddf1bc577765b41fa5a5b11 -> 8322ed622adc316a0e1780953832d2f6
  custom:scripting/monoscript/fileName/PlayerController_Inspector.cs: e11937125d9f59d849e08b7e8f47f523 -> bded040cfaa3aefe61a946278beeb111
  custom:video-codec-MediaFoundation-h265: 746d11721c4dcdbdad8f713fa42b33f4 -> 
  custom:scripting/monoscript/fileName/WeaponController.cs: eff195c7250a2f0381f416043148b56e -> b24a142813562abdf90c619f99201081
  custom:scripting/monoscript/fileName/MathematicsDrawers.cs: f55ff2195245c57ad8dd4ae275cfa5b5 -> 
  custom:video-decoder-ogg-theora: a1e56fd34408186e4bbccfd4996cb3dc -> 
  custom:scripting/monoscript/fileName/WindManager.cs: 277738f437e4ed2be5fbea91bac66f45 -> cba51479f35e7bfbfccfabacddaf093c
  custom:scripting/monoscript/fileName/Utils.cs: 738399b889b9c1ef2a46bc8b708e4f36 -> 065485c1404def0eac633ace74af67da
  custom:CustomObjectIndexerAttribute: 6d391050e5a25f67b0a2c618074f2cd9 -> 
  custom:container-demuxer-webm: 4f35f7cbe854078d1ac9338744f61a02 -> 
  custom:scripting/monoscript/fileName/ProjectileController.cs: ca3073885f6c90ffb9cf3d7f5a257f02 -> c42e94e8ce150302e05ce34b5caf34c5
  custom:scripting/monoscript/fileName/RequiredPropertyDrawer.cs: df55a1f60369373e5f65b899d1b2920f -> 51961cad30f041e0fd8635c70c2dc474
  custom:scripting/monoscript/fileName/ProjectileData.cs: 78cf153c0e901184e913b64700924582 -> df2689abdba961d9dcd844f6531b60c1
  custom:video-encoder-webm-vp8: eb34c28f22e8b96e1ab97ce403110664 -> 
========================================================================
Received Prepare
Begin MonoManager ReloadAssembly
- Loaded All Assemblies, in  0.446 seconds
Refreshing native plugins compatible for Editor in 3.44 ms, found 3 plugins.
Native extension for UWP target not found
Native extension for LinuxStandalone target not found
Native extension for WindowsStandalone target not found
Native extension for Android target not found
Native extension for WebGL target not found
[Package Manager] Server::EnsureServerProcessIsRunning -- launch failed, reason: Unity was launched with the -noUpm command-line argument
[Package Manager] UpmClient::Send -- Unable to send message (not connected to UPM process).
[Package Manager] Cannot connect to Unity Package Manager local server
Mono: successfully reloaded assembly
- Finished resetting the current domain, in  1.474 seconds
Domain Reload Profiling: 1919ms
	BeginReloadAssembly (157ms)
		ExecutionOrderSort (0ms)
		DisableScriptedObjects (5ms)
		BackupInstance (0ms)
		ReleaseScriptingObjects (0ms)
		CreateAndSetChildDomain (40ms)
	RebuildCommonClasses (31ms)
	RebuildNativeTypeToScriptingClass (11ms)
	initialDomainReloadingComplete (28ms)
	LoadAllAssembliesAndSetupDomain (216ms)
		LoadAssemblies (269ms)
		RebuildTransferFunctionScriptingTraits (0ms)
		AnalyzeDomain (22ms)
			TypeCache.Refresh (7ms)
				TypeCache.ScanAssembly (0ms)
			ScanForSourceGeneratedMonoScriptInfo (0ms)
			ResolveRequiredComponents (13ms)
	FinalizeReload (1475ms)
		ReleaseScriptCaches (0ms)
		RebuildScriptCaches (0ms)
		SetupLoadedEditorAssemblies (589ms)
			LogAssemblyErrors (0ms)
			InitializePlatformSupportModulesInManaged (29ms)
			SetLoadedEditorAssemblies (3ms)
			RefreshPlugins (0ms)
			BeforeProcessingInitializeOnLoad (71ms)
			ProcessInitializeOnLoadAttributes (455ms)
			ProcessInitializeOnLoadMethodAttributes (24ms)
			AfterProcessingInitializeOnLoad (7ms)
			EditorAssembliesLoaded (0ms)
		ExecutionOrderSort2 (0ms)
		AwakeInstancesAfterBackupRestoration (47ms)
Refreshing native plugins compatible for Editor in 3.25 ms, found 3 plugins.
Preloading 0 native plugins for Editor in 0.00 ms.
Unloading 6285 Unused Serialized files (Serialized files now loaded: 0)
Unloading 73 unused Assets / (3.6 MB). Loaded Objects now: 7174.
Memory consumption went from 303.8 MB to 300.3 MB.
Total: 3.942200 ms (FindLiveObjects: 0.416300 ms CreateObjectMapping: 0.414000 ms MarkObjects: 2.639200 ms  DeleteObjects: 0.471700 ms)

Prepare: number of updated asset objects reloaded= 0
AssetImportParameters requested are different than current active one (requested -> active):
  custom:scripting/monoscript/fileName/PositionPreviewer.cs: f5e89315b7dd0fd1721d2efda9b0bb3b -> 973c971ad8634361ae6b0bf60096b746
  custom:container-demuxer-ogg: 62fdf1f143b41e24485cea50d1cbac27 -> 
  custom:framework-win-MediaFoundation: 216162199b28c13a410421893ffa2e32 -> 
  custom:scripting/monoscript/fileName/CallbacksRedirector.cs: 53f15a271dfcb83835024134e2ef1c0d -> 366b8bfb1e5b31061b1f8b8c228b4969
  custom:scripting/monoscript/fileName/PlayerController.cs: 0aec31476f55370a5ff7e930ca2cc1f8 -> 35fea1dfd941426596ad0f070833c712
  custom:scripting/monoscript/fileName/Player_Inspector.cs: 46dfdf4be1458cd09f89a42eca0683d1 -> 
  custom:scripting/monoscript/fileName/QuaternionUtil.cs: d1ff4e9fffe9b2524c0f0d1e702f0a38 -> d33880fd0cfa9479a6dee02d93937b6e
  custom:scripting/monoscript/fileName/ProjectilePool.cs: 5a8b7382be94e03c222afe44eaec8367 -> 3176366f6d92604054e8021eb8929ac8
  custom:container-muxer-webm: aa71ff27fc2769a1b78a27578f13a17b -> 
  custom:video-decoder-webm-vp8: 9c59270c3fd7afecdb556c50c9e8de78 -> 
  custom:scripting/monoscript/fileName/ItemData.cs: b8f05b556ef06ba02d0f1b95c159a2f0 -> 1b4ee171ea329a3b8c45ba9c0f8d848f
  custom:SearchIndexIgnoredProperties: e643bd26f0fe6173181afceb89e7c659 -> 
  custom:AudioImporter_EditorPlatform: d09bf68614088b80899f8185d706f6e7 -> 
  custom:scripting/monoscript/fileName/RequiredAttribute.cs: f4c5a9d83edf5f7a258c4ed00b26f03d -> cb1dd9ba3b7ade1b8b988c3992487acc
  custom:audio-decoder-ogg-vorbis: bf7c407c2cedff20999df2af8eb42d56 -> 
  custom:scripting/monoscript/fileName/Item.cs: aa1d27623597d875fb2fd82f73821453 -> 7bde3b1f1a739711a690cca5a607b678
  custom:scripting/monoscript/fileName/WeaponData.cs: d32674dace5182e33c40d54c6b2cd7e9 -> 06f4102c9c039affa2d4f7ee88bde160
  custom:scripting/monoscript/fileName/BallisticMethods.cs: e78082f42c4037b33428bd4a474cc20b -> 1fae31425de50316fb7ed8f82754c85f
  custom:audio-encoder-webm-vorbis: bf7c407c2cedff20999df2af8eb42d56 -> 
  custom:scripting/monoscript/fileName/InventoryController.cs: 8f54963daddf1bc577765b41fa5a5b11 -> 8322ed622adc316a0e1780953832d2f6
  custom:scripting/monoscript/fileName/PlayerController_Inspector.cs: e11937125d9f59d849e08b7e8f47f523 -> bded040cfaa3aefe61a946278beeb111
  custom:video-codec-MediaFoundation-h265: 746d11721c4dcdbdad8f713fa42b33f4 -> 
  custom:scripting/monoscript/fileName/WeaponController.cs: eff195c7250a2f0381f416043148b56e -> b24a142813562abdf90c619f99201081
  custom:scripting/monoscript/fileName/MathematicsDrawers.cs: f55ff2195245c57ad8dd4ae275cfa5b5 -> 
  custom:video-decoder-ogg-theora: a1e56fd34408186e4bbccfd4996cb3dc -> 
  custom:scripting/monoscript/fileName/WindManager.cs: 277738f437e4ed2be5fbea91bac66f45 -> cba51479f35e7bfbfccfabacddaf093c
  custom:scripting/monoscript/fileName/Utils.cs: 738399b889b9c1ef2a46bc8b708e4f36 -> 065485c1404def0eac633ace74af67da
  custom:CustomObjectIndexerAttribute: 6d391050e5a25f67b0a2c618074f2cd9 -> 
  custom:container-demuxer-webm: 4f35f7cbe854078d1ac9338744f61a02 -> 
  custom:scripting/monoscript/fileName/ProjectileController.cs: ca3073885f6c90ffb9cf3d7f5a257f02 -> c42e94e8ce150302e05ce34b5caf34c5
  custom:scripting/monoscript/fileName/RequiredPropertyDrawer.cs: df55a1f60369373e5f65b899d1b2920f -> 51961cad30f041e0fd8635c70c2dc474
  custom:scripting/monoscript/fileName/ProjectileData.cs: 78cf153c0e901184e913b64700924582 -> df2689abdba961d9dcd844f6531b60c1
  custom:video-encoder-webm-vp8: eb34c28f22e8b96e1ab97ce403110664 -> 
========================================================================
Received Prepare
Begin MonoManager ReloadAssembly
- Loaded All Assemblies, in  0.429 seconds
Refreshing native plugins compatible for Editor in 3.18 ms, found 3 plugins.
Native extension for UWP target not found
Native extension for LinuxStandalone target not found
Native extension for WindowsStandalone target not found
Native extension for Android target not found
Native extension for WebGL target not found
[Package Manager] Server::EnsureServerProcessIsRunning -- launch failed, reason: Unity was launched with the -noUpm command-line argument
[Package Manager] UpmClient::Send -- Unable to send message (not connected to UPM process).
[Package Manager] Cannot connect to Unity Package Manager local server
Mono: successfully reloaded assembly
- Finished resetting the current domain, in  1.458 seconds
Domain Reload Profiling: 1885ms
	BeginReloadAssembly (150ms)
		ExecutionOrderSort (0ms)
		DisableScriptedObjects (5ms)
		BackupInstance (0ms)
		ReleaseScriptingObjects (0ms)
		CreateAndSetChildDomain (35ms)
	RebuildCommonClasses (31ms)
	RebuildNativeTypeToScriptingClass (12ms)
	initialDomainReloadingComplete (28ms)
	LoadAllAssembliesAndSetupDomain (207ms)
		LoadAssemblies (261ms)
		RebuildTransferFunctionScriptingTraits (0ms)
		AnalyzeDomain (20ms)
			TypeCache.Refresh (7ms)
				TypeCache.ScanAssembly (0ms)
			ScanForSourceGeneratedMonoScriptInfo (0ms)
			ResolveRequiredComponents (11ms)
	FinalizeReload (1459ms)
		ReleaseScriptCaches (0ms)
		RebuildScriptCaches (0ms)
		SetupLoadedEditorAssemblies (585ms)
			LogAssemblyErrors (0ms)
			InitializePlatformSupportModulesInManaged (29ms)
			SetLoadedEditorAssemblies (3ms)
			RefreshPlugins (0ms)
			BeforeProcessingInitializeOnLoad (73ms)
			ProcessInitializeOnLoadAttributes (451ms)
			ProcessInitializeOnLoadMethodAttributes (24ms)
			AfterProcessingInitializeOnLoad (7ms)
			EditorAssembliesLoaded (0ms)
		ExecutionOrderSort2 (0ms)
		AwakeInstancesAfterBackupRestoration (44ms)
Refreshing native plugins compatible for Editor in 3.27 ms, found 3 plugins.
Preloading 0 native plugins for Editor in 0.00 ms.
Unloading 6285 Unused Serialized files (Serialized files now loaded: 0)
Unloading 73 unused Assets / (3.6 MB). Loaded Objects now: 7177.
Memory consumption went from 305.8 MB to 302.2 MB.
Total: 4.374600 ms (FindLiveObjects: 0.469700 ms CreateObjectMapping: 0.487500 ms MarkObjects: 2.907500 ms  DeleteObjects: 0.508800 ms)

Prepare: number of updated asset objects reloaded= 0
AssetImportParameters requested are different than current active one (requested -> active):
  custom:scripting/monoscript/fileName/PositionPreviewer.cs: f5e89315b7dd0fd1721d2efda9b0bb3b -> 973c971ad8634361ae6b0bf60096b746
  custom:container-demuxer-ogg: 62fdf1f143b41e24485cea50d1cbac27 -> 
  custom:framework-win-MediaFoundation: 216162199b28c13a410421893ffa2e32 -> 
  custom:scripting/monoscript/fileName/CallbacksRedirector.cs: 53f15a271dfcb83835024134e2ef1c0d -> 366b8bfb1e5b31061b1f8b8c228b4969
  custom:scripting/monoscript/fileName/PlayerController.cs: 0aec31476f55370a5ff7e930ca2cc1f8 -> 35fea1dfd941426596ad0f070833c712
  custom:scripting/monoscript/fileName/Player_Inspector.cs: 46dfdf4be1458cd09f89a42eca0683d1 -> 
  custom:scripting/monoscript/fileName/QuaternionUtil.cs: d1ff4e9fffe9b2524c0f0d1e702f0a38 -> d33880fd0cfa9479a6dee02d93937b6e
  custom:scripting/monoscript/fileName/ProjectilePool.cs: 5a8b7382be94e03c222afe44eaec8367 -> 3176366f6d92604054e8021eb8929ac8
  custom:container-muxer-webm: aa71ff27fc2769a1b78a27578f13a17b -> 
  custom:video-decoder-webm-vp8: 9c59270c3fd7afecdb556c50c9e8de78 -> 
  custom:scripting/monoscript/fileName/ItemData.cs: b8f05b556ef06ba02d0f1b95c159a2f0 -> 1b4ee171ea329a3b8c45ba9c0f8d848f
  custom:SearchIndexIgnoredProperties: e643bd26f0fe6173181afceb89e7c659 -> 
  custom:AudioImporter_EditorPlatform: d09bf68614088b80899f8185d706f6e7 -> 
  custom:scripting/monoscript/fileName/RequiredAttribute.cs: f4c5a9d83edf5f7a258c4ed00b26f03d -> cb1dd9ba3b7ade1b8b988c3992487acc
  custom:audio-decoder-ogg-vorbis: bf7c407c2cedff20999df2af8eb42d56 -> 
  custom:scripting/monoscript/fileName/Item.cs: aa1d27623597d875fb2fd82f73821453 -> 7bde3b1f1a739711a690cca5a607b678
  custom:scripting/monoscript/fileName/WeaponData.cs: d32674dace5182e33c40d54c6b2cd7e9 -> 06f4102c9c039affa2d4f7ee88bde160
  custom:scripting/monoscript/fileName/BallisticMethods.cs: e78082f42c4037b33428bd4a474cc20b -> 1fae31425de50316fb7ed8f82754c85f
  custom:audio-encoder-webm-vorbis: bf7c407c2cedff20999df2af8eb42d56 -> 
  custom:scripting/monoscript/fileName/InventoryController.cs: 8f54963daddf1bc577765b41fa5a5b11 -> 8322ed622adc316a0e1780953832d2f6
  custom:scripting/monoscript/fileName/PlayerController_Inspector.cs: e11937125d9f59d849e08b7e8f47f523 -> bded040cfaa3aefe61a946278beeb111
  custom:video-codec-MediaFoundation-h265: 746d11721c4dcdbdad8f713fa42b33f4 -> 
  custom:scripting/monoscript/fileName/WeaponController.cs: eff195c7250a2f0381f416043148b56e -> b24a142813562abdf90c619f99201081
  custom:scripting/monoscript/fileName/MathematicsDrawers.cs: f55ff2195245c57ad8dd4ae275cfa5b5 -> 
  custom:video-decoder-ogg-theora: a1e56fd34408186e4bbccfd4996cb3dc -> 
  custom:scripting/monoscript/fileName/WindManager.cs: 277738f437e4ed2be5fbea91bac66f45 -> cba51479f35e7bfbfccfabacddaf093c
  custom:scripting/monoscript/fileName/Utils.cs: 738399b889b9c1ef2a46bc8b708e4f36 -> 065485c1404def0eac633ace74af67da
  custom:CustomObjectIndexerAttribute: 6d391050e5a25f67b0a2c618074f2cd9 -> 
  custom:container-demuxer-webm: 4f35f7cbe854078d1ac9338744f61a02 -> 
  custom:scripting/monoscript/fileName/ProjectileController.cs: ca3073885f6c90ffb9cf3d7f5a257f02 -> c42e94e8ce150302e05ce34b5caf34c5
  custom:scripting/monoscript/fileName/RequiredPropertyDrawer.cs: df55a1f60369373e5f65b899d1b2920f -> 51961cad30f041e0fd8635c70c2dc474
  custom:scripting/monoscript/fileName/ProjectileData.cs: 78cf153c0e901184e913b64700924582 -> df2689abdba961d9dcd844f6531b60c1
  custom:video-encoder-webm-vp8: eb34c28f22e8b96e1ab97ce403110664 -> 
========================================================================
Received Import Request.
  Time since last request: 2814.995613 seconds.
  path: Assets/Internal/Data/Weapons/Weapon_AK-109_Data.asset
  artifactKey: Guid(d23e182c99a17974ca268aedeae37ee2) Importer(815301076,1909f56bfc062723c751e8b465ee728b)
Start importing Assets/Internal/Data/Weapons/Weapon_AK-109_Data.asset using Guid(d23e182c99a17974ca268aedeae37ee2) Importer(815301076,1909f56bfc062723c751e8b465ee728b)  -> (artifact id: '1e89d720b41d6ab3dadd5893ba815478') in 0.021350 seconds
Number of updated asset objects reloaded before import = 0
Number of asset objects unloaded after import = 12
========================================================================
Received Prepare
Begin MonoManager ReloadAssembly
- Loaded All Assemblies, in  0.482 seconds
Refreshing native plugins compatible for Editor in 3.24 ms, found 3 plugins.
Native extension for UWP target not found
Native extension for LinuxStandalone target not found
Native extension for WindowsStandalone target not found
Native extension for Android target not found
Native extension for WebGL target not found
[Package Manager] Server::EnsureServerProcessIsRunning -- launch failed, reason: Unity was launched with the -noUpm command-line argument
[Package Manager] UpmClient::Send -- Unable to send message (not connected to UPM process).
[Package Manager] Cannot connect to Unity Package Manager local server
Mono: successfully reloaded assembly
- Finished resetting the current domain, in  1.444 seconds
Domain Reload Profiling: 1923ms
	BeginReloadAssembly (149ms)
		ExecutionOrderSort (0ms)
		DisableScriptedObjects (5ms)
		BackupInstance (0ms)
		ReleaseScriptingObjects (0ms)
		CreateAndSetChildDomain (35ms)
	RebuildCommonClasses (31ms)
	RebuildNativeTypeToScriptingClass (11ms)
	initialDomainReloadingComplete (28ms)
	LoadAllAssembliesAndSetupDomain (259ms)
		LoadAssemblies (269ms)
		RebuildTransferFunctionScriptingTraits (0ms)
		AnalyzeDomain (62ms)
			TypeCache.Refresh (10ms)
				TypeCache.ScanAssembly (0ms)
			ScanForSourceGeneratedMonoScriptInfo (39ms)
			ResolveRequiredComponents (11ms)
	FinalizeReload (1444ms)
		ReleaseScriptCaches (0ms)
		RebuildScriptCaches (0ms)
		SetupLoadedEditorAssemblies (588ms)
			LogAssemblyErrors (0ms)
			InitializePlatformSupportModulesInManaged (28ms)
			SetLoadedEditorAssemblies (3ms)
			RefreshPlugins (0ms)
			BeforeProcessingInitializeOnLoad (72ms)
			ProcessInitializeOnLoadAttributes (455ms)
			ProcessInitializeOnLoadMethodAttributes (23ms)
			AfterProcessingInitializeOnLoad (7ms)
			EditorAssembliesLoaded (0ms)
		ExecutionOrderSort2 (0ms)
		AwakeInstancesAfterBackupRestoration (41ms)
Refreshing native plugins compatible for Editor in 3.11 ms, found 3 plugins.
Preloading 0 native plugins for Editor in 0.00 ms.
Unloading 6285 Unused Serialized files (Serialized files now loaded: 0)
Unloading 73 unused Assets / (3.6 MB). Loaded Objects now: 7180.
Memory consumption went from 307.7 MB to 304.1 MB.
Total: 4.214300 ms (FindLiveObjects: 0.453400 ms CreateObjectMapping: 0.533100 ms MarkObjects: 2.751300 ms  DeleteObjects: 0.475900 ms)

Prepare: number of updated asset objects reloaded= 0
AssetImportParameters requested are different than current active one (requested -> active):
  custom:scripting/monoscript/fileName/PositionPreviewer.cs: f5e89315b7dd0fd1721d2efda9b0bb3b -> 973c971ad8634361ae6b0bf60096b746
  custom:container-demuxer-ogg: 62fdf1f143b41e24485cea50d1cbac27 -> 
  custom:framework-win-MediaFoundation: 216162199b28c13a410421893ffa2e32 -> 
  custom:scripting/monoscript/fileName/CallbacksRedirector.cs: 53f15a271dfcb83835024134e2ef1c0d -> 366b8bfb1e5b31061b1f8b8c228b4969
  custom:scripting/monoscript/fileName/PlayerController.cs: 0aec31476f55370a5ff7e930ca2cc1f8 -> 35fea1dfd941426596ad0f070833c712
  custom:scripting/monoscript/fileName/Player_Inspector.cs: 46dfdf4be1458cd09f89a42eca0683d1 -> 
  custom:scripting/monoscript/fileName/QuaternionUtil.cs: d1ff4e9fffe9b2524c0f0d1e702f0a38 -> d33880fd0cfa9479a6dee02d93937b6e
  custom:scripting/monoscript/fileName/ProjectilePool.cs: 5a8b7382be94e03c222afe44eaec8367 -> 3176366f6d92604054e8021eb8929ac8
  custom:container-muxer-webm: aa71ff27fc2769a1b78a27578f13a17b -> 
  custom:video-decoder-webm-vp8: 9c59270c3fd7afecdb556c50c9e8de78 -> 
  custom:scripting/monoscript/fileName/ItemData.cs: b8f05b556ef06ba02d0f1b95c159a2f0 -> 1b4ee171ea329a3b8c45ba9c0f8d848f
  custom:SearchIndexIgnoredProperties: e643bd26f0fe6173181afceb89e7c659 -> 
  custom:AudioImporter_EditorPlatform: d09bf68614088b80899f8185d706f6e7 -> 
  custom:scripting/monoscript/fileName/RequiredAttribute.cs: f4c5a9d83edf5f7a258c4ed00b26f03d -> cb1dd9ba3b7ade1b8b988c3992487acc
  custom:audio-decoder-ogg-vorbis: bf7c407c2cedff20999df2af8eb42d56 -> 
  custom:scripting/monoscript/fileName/Item.cs: aa1d27623597d875fb2fd82f73821453 -> 7bde3b1f1a739711a690cca5a607b678
  custom:scripting/monoscript/fileName/WeaponData.cs: d32674dace5182e33c40d54c6b2cd7e9 -> 06f4102c9c039affa2d4f7ee88bde160
  custom:scripting/monoscript/fileName/BallisticMethods.cs: e78082f42c4037b33428bd4a474cc20b -> 1fae31425de50316fb7ed8f82754c85f
  custom:audio-encoder-webm-vorbis: bf7c407c2cedff20999df2af8eb42d56 -> 
  custom:scripting/monoscript/fileName/InventoryController.cs: 8f54963daddf1bc577765b41fa5a5b11 -> 8322ed622adc316a0e1780953832d2f6
  custom:scripting/monoscript/fileName/PlayerController_Inspector.cs: e11937125d9f59d849e08b7e8f47f523 -> bded040cfaa3aefe61a946278beeb111
  custom:video-codec-MediaFoundation-h265: 746d11721c4dcdbdad8f713fa42b33f4 -> 
  custom:scripting/monoscript/fileName/WeaponController.cs: eff195c7250a2f0381f416043148b56e -> b24a142813562abdf90c619f99201081
  custom:scripting/monoscript/fileName/MathematicsDrawers.cs: f55ff2195245c57ad8dd4ae275cfa5b5 -> 
  custom:video-decoder-ogg-theora: a1e56fd34408186e4bbccfd4996cb3dc -> 
  custom:scripting/monoscript/fileName/WindManager.cs: 277738f437e4ed2be5fbea91bac66f45 -> cba51479f35e7bfbfccfabacddaf093c
  custom:scripting/monoscript/fileName/Utils.cs: 738399b889b9c1ef2a46bc8b708e4f36 -> 065485c1404def0eac633ace74af67da
  custom:CustomObjectIndexerAttribute: 6d391050e5a25f67b0a2c618074f2cd9 -> 
  custom:container-demuxer-webm: 4f35f7cbe854078d1ac9338744f61a02 -> 
  custom:scripting/monoscript/fileName/ProjectileController.cs: ca3073885f6c90ffb9cf3d7f5a257f02 -> c42e94e8ce150302e05ce34b5caf34c5
  custom:scripting/monoscript/fileName/RequiredPropertyDrawer.cs: df55a1f60369373e5f65b899d1b2920f -> 51961cad30f041e0fd8635c70c2dc474
  custom:scripting/monoscript/fileName/ProjectileData.cs: 78cf153c0e901184e913b64700924582 -> df2689abdba961d9dcd844f6531b60c1
  custom:video-encoder-webm-vp8: eb34c28f22e8b96e1ab97ce403110664 -> 
